drug_name,category
"(S)-3,5-Dihydroxyphenylglycine",pharmaceutical
"1,2-Dimethyl Hydrazine",pharmaceutical
"1,25-Dihydroxyvitamin D",pharmaceutical
"2,2-Azinobis[3-Ethylbenzthiazoline]-6-Sulfonic Acid",pharmaceutical
"2,2-Diphenyl-1-Picrylhydrazyl",pharmaceutical
"2-amino-1-methyl-6-phenylimidazo4,5-Bpyridine",pharmaceutical
"7,12-Dimethylbenz[Α]Anthracene",pharmaceutical
"7,12-Dimethylbenzaanthracene",pharmaceutical
abiraterone,pharmaceutical
acarbose,pharmaceutical
acebutolol,pharmaceutical
acenocoumarol,pharmaceutical
acetaminophen,pharmaceutical
acetylsalicylic acid,pharmaceutical
actinomycin D,pharmaceutical
adenosine,pharmaceutical
albendazole,pharmaceutical
amantadine,pharmaceutical
amiloride,pharmaceutical
amiodarone,pharmaceutical
amitriptyline,pharmaceutical
amoxicillin,pharmaceutical
amoxicillin/clavulanic acid,pharmaceutical
amphotericin B,pharmaceutical
ampicillin,pharmaceutical
amrinone,pharmaceutical
arbekacin,pharmaceutical
artemisinin,pharmaceutical
aspirin,pharmaceutical
atenolol,pharmaceutical
atorvastatin,pharmaceutical
atropine,pharmaceutical
bacampicillin,pharmaceutical
bacitracin,pharmaceutical
betaine,pharmaceutical
bleomycin,pharmaceutical
bupropion,pharmaceutical
caffeine,pharmaceutical
calcitriol,pharmaceutical
capecitabine,pharmaceutical
captopril,pharmaceutical
carbamazepine,pharmaceutical
carboplatin,pharmaceutical
cefmetazole,pharmaceutical
cefoperazone,pharmaceutical
cefoxitin,pharmaceutical
cefuroxime,pharmaceutical
celiprolol,pharmaceutical
chloramphenicol,pharmaceutical
chloroquine,pharmaceutical
chlorzoxazone,pharmaceutical
cilostazol,pharmaceutical
cimetidine,pharmaceutical
ciprofloxacin,pharmaceutical
cisplatin,pharmaceutical
clarithromycin,pharmaceutical
clomipramine,pharmaceutical
clonidine,pharmaceutical
clopidogrel,pharmaceutical
cyclophosphamide,pharmaceutical
cyclosporine A,pharmaceutical
cysteamine,pharmaceutical
daunorubicin,pharmaceutical
deferiprone,pharmaceutical
deferoxamine,pharmaceutical
desipramine,pharmaceutical
dexamethasone,pharmaceutical
dextromethorphan,pharmaceutical
diazepam,pharmaceutical
diazoxide,pharmaceutical
diclofenac,pharmaceutical
digoxin,pharmaceutical
diltiazem,pharmaceutical
diphenhydramine,pharmaceutical
docetaxel,pharmaceutical
donepezil,pharmaceutical
doxorubicin,pharmaceutical
doxycycline,pharmaceutical
erythromycin,pharmaceutical
ethinyl estradiol,pharmaceutical
etodolac,pharmaceutical
etoposide,pharmaceutical
famotidine,pharmaceutical
fenofibrate,pharmaceutical
fexofenadine,pharmaceutical
flumazenil,pharmaceutical
fluoxetine,pharmaceutical
flutamide,pharmaceutical
folic acid,pharmaceutical
furosemide,pharmaceutical
gabapentin,pharmaceutical
galanthamine,pharmaceutical
gemcitabine,pharmaceutical
gentamicin,pharmaceutical
glibenclamide,pharmaceutical
haloperidol,pharmaceutical
heparin,biological
hydrocortisone,pharmaceutical
ibuprofen,pharmaceutical
indinavir,pharmaceutical
indomethacin,pharmaceutical
itraconazole,pharmaceutical
kanamycin,pharmaceutical
ketamine,pharmaceutical
ketoconazole,pharmaceutical
ketorolac,pharmaceutical
lansoprazole,pharmaceutical
lithium carbonate,pharmaceutical
loperamide,pharmaceutical
losartan,pharmaceutical
lovastatin,pharmaceutical
melatonin,pharmaceutical
meropenem,pharmaceutical
metformin,pharmaceutical
methotrexate,pharmaceutical
metronidazole,pharmaceutical
midazolam,pharmaceutical
miltefosine,pharmaceutical
mitomycin C,pharmaceutical
moclobemide,pharmaceutical
morphine,pharmaceutical
mycophenolic acid,pharmaceutical
nadolol,pharmaceutical
naloxone,pharmaceutical
naltrexone,pharmaceutical
naproxen,pharmaceutical
nateglinide,pharmaceutical
nevirapine,pharmaceutical
nicardipine,pharmaceutical
nifedipine,pharmaceutical
nimodipine,pharmaceutical
nitrofurantoin,pharmaceutical
nizatidine,pharmaceutical
omeprazole,pharmaceutical
oxacillin,pharmaceutical
oxaliplatin,pharmaceutical
paclitaxel,pharmaceutical
papaverine,pharmaceutical
paracetamol,pharmaceutical
pentobarbital,pharmaceutical
phenacetin,pharmaceutical
phenobarbital,pharmaceutical
phenytoin,pharmaceutical
pilocarpine,pharmaceutical
pirfenidone,pharmaceutical
piroxicam,pharmaceutical
prasugrel,pharmaceutical
pravastatin,pharmaceutical
prazosin,pharmaceutical
prednisolone,pharmaceutical
prednisone,pharmaceutical
primaquine,pharmaceutical
procainamide,pharmaceutical
proguanil,pharmaceutical
propranolol,pharmaceutical
propylthiouracil,pharmaceutical
prulifloxacin,pharmaceutical
pyridoxine,pharmaceutical
quinagolide,pharmaceutical
quinine,pharmaceutical
ranitidine,pharmaceutical
rifampicin,pharmaceutical
rosiglitazone,pharmaceutical
rosuvastatin,pharmaceutical
saquinavir,pharmaceutical
scopolamine,pharmaceutical
sibutramine,pharmaceutical
sildenafil,pharmaceutical
silymarin,pharmaceutical
simvastatin,pharmaceutical
sodium nitroprusside,pharmaceutical
spironolactone,pharmaceutical
streptomycin,pharmaceutical
streptozotocin,pharmaceutical
tacrine,pharmaceutical
tacrolimus,pharmaceutical
tamoxifen,pharmaceutical
testosterone,pharmaceutical
tetracycline,pharmaceutical
theophylline,pharmaceutical
ticagrelor,pharmaceutical
tolbutamide,pharmaceutical
tranylcypromine,pharmaceutical
trimethoprim,pharmaceutical
vancomycin,pharmaceutical
verapamil,pharmaceutical
vinblastine,pharmaceutical
warfarin,pharmaceutical
yohimbine,pharmaceutical
zidovudine,pharmaceutical
zinc sulfate,pharmaceutical
