drug_id,drug_name,category,notes
0,(R)-Warfarin,pharmaceutical,Stereoisomer - R-enantiomer
1,(S)-Warfarin,pharmaceutical,Stereoisomer - S-enantiomer
2,Abacavir,pharmaceutical,
3,Abaloparatide,pharmaceutical,
4,Abciximab,pharmaceutical,
5,Abemaciclib,pharmaceutical,
6,Abiraterone,pharmaceutical,
7,Abrocitinib,pharmaceutical,
8,Acalabrutinib,pharmaceutical,
9,Acamprosate,pharmaceutical,
10,Acarbose,pharmaceutical,
11,Acebutolol,pharmaceutical,
12,Aceclofenac,pharmaceutical,
13,Acenocoumarol,pharmaceutical,
14,Acepromazine,pharmaceutical,
15,Acetaminophen,pharmaceutical,
16,Acetazolamide,pharmaceutical,
17,Acetohexamide,pharmaceutical,
18,Acetohydroxamic Acid,pharmaceutical,
19,Acetylsalicylic Acid,pharmaceutical,
20,Acitretin,pharmaceutical,
21,Activated Charcoal,pharmaceutical,
22,Acyclovir,pharmaceutical,
23,Adagrasib,pharmaceutical,
24,Adefovir Dipivoxil,pharmaceutical,
25,Adenosine,pharmaceutical,
26,Afatinib,pharmaceutical,
27,Albendazole,pharmaceutical,
28,Alcloxa,pharmaceutical,
29,Alectinib,pharmaceutical,
30,Alendronic Acid,pharmaceutical,
31,Alfacalcidol,biological,
32,Alfuzosin,pharmaceutical,
33,Alimemazine,pharmaceutical,
34,Aliskiren,pharmaceutical,
35,Alitretinoin,pharmaceutical,
36,Allopurinol,pharmaceutical,
37,Almasilate,pharmaceutical,
38,Almotriptan,pharmaceutical,
39,Alogliptin,pharmaceutical,
40,Alosetron,pharmaceutical,
41,Alpelisib,pharmaceutical,
42,Alprazolam,pharmaceutical,
43,Alteplase,pharmaceutical,
44,Altretamine,pharmaceutical,
45,Aluminum Hydroxide,pharmaceutical,
46,Alvimopan,pharmaceutical,
47,Amantadine,pharmaceutical,
48,Amediplase,pharmaceutical,
49,Amifampridine,pharmaceutical,
50,Amiloride,pharmaceutical,
51,Amineptine,pharmaceutical,
52,Aminocaproic Acid,pharmaceutical,
53,Aminoglutethimide,pharmaceutical,
54,Aminophylline,pharmaceutical,
55,Aminosalicylic Acid,pharmaceutical,
56,Amiodarone,pharmaceutical,
57,Amisulpride,pharmaceutical,
58,Amitriptyline,pharmaceutical,
59,Amlodipine,pharmaceutical,
60,Amobarbital,pharmaceutical,
61,Amoxapine,pharmaceutical,
62,Amoxicillin,pharmaceutical,
63,Amphetamine,pharmaceutical,
64,Ampicillin,pharmaceutical,
65,Amprenavir,pharmaceutical,
66,Amyl Nitrite,pharmaceutical,
67,Anagrelide,pharmaceutical,
68,Anastrozole,pharmaceutical,
69,Ancrod,pharmaceutical,
70,Anethole Trithione,pharmaceutical,
71,Anileridine,pharmaceutical,
72,Anistreplase,pharmaceutical,
73,Antipyrine,pharmaceutical,
74,Antithrombin Alfa,biological,
75,Antithrombin Iii Human,pharmaceutical,
76,Apalutamide,pharmaceutical,
77,Apixaban,pharmaceutical,
78,Apomorphine,pharmaceutical,
79,Apremilast,pharmaceutical,
80,Aprepitant,pharmaceutical,
81,Aprocitentan,pharmaceutical,
82,Ardeparin,pharmaceutical,
83,Argatroban,pharmaceutical,
84,Arimoclomol,pharmaceutical,
85,Aripiprazole,pharmaceutical,
86,Armodafinil,pharmaceutical,
87,Artemether,pharmaceutical,
88,Asciminib,pharmaceutical,
89,Ascorbic Acid,pharmaceutical,
90,Asenapine,pharmaceutical,
91,Astemizole,pharmaceutical,
92,Asunaprevir,pharmaceutical,
93,Atazanavir,pharmaceutical,
94,Atogepant,pharmaceutical,
95,Atomoxetine,pharmaceutical,
96,Atorvastatin,pharmaceutical,
97,Atovaquone,pharmaceutical,
98,Atropine,pharmaceutical,
99,Attapulgite,pharmaceutical,
100,Auranofin,pharmaceutical,
101,Avacopan,pharmaceutical,
102,Avanafil,pharmaceutical,
103,Avapritinib,pharmaceutical,
104,Avatrombopag,pharmaceutical,
105,Avelumab,biological,
106,Axitinib,pharmaceutical,
107,Azatadine,pharmaceutical,
108,Azathioprine,pharmaceutical,
109,Azelaic Acid,pharmaceutical,
110,Azelastine,pharmaceutical,
111,Azilsartan Medoxomil,pharmaceutical,
112,Azithromycin,pharmaceutical,
113,Bacampicillin,pharmaceutical,
114,Baclofen,pharmaceutical,
115,Baloxavir Marboxil,pharmaceutical,
116,Balsalazide,pharmaceutical,
117,Baricitinib,pharmaceutical,
118,Bazedoxifene,pharmaceutical,
119,Bedaquiline,pharmaceutical,
120,Belumosudil,pharmaceutical,
121,Belzutifan,pharmaceutical,
122,Bemiparin,pharmaceutical,
123,Bempedoic Acid,pharmaceutical,
124,Benazepril,pharmaceutical,
125,Bendroflumethiazide,pharmaceutical,
126,Benserazide,pharmaceutical,
127,Benzatropine,pharmaceutical,
128,Benzgalantamine,pharmaceutical,
129,Benzhydrocodone,pharmaceutical,
130,Benznidazole,pharmaceutical,
131,Benzonatate,pharmaceutical,
132,Benzphetamine,pharmaceutical,
133,Bepotastine,pharmaceutical,
134,Bepridil,pharmaceutical,
135,Beraprost,pharmaceutical,
136,Berotralstat,pharmaceutical,
137,Betahistine,pharmaceutical,
138,Betaine,pharmaceutical,
139,Betaxolol,pharmaceutical,
140,Bethanechol,pharmaceutical,
141,Betrixaban,pharmaceutical,
142,Bexagliflozin,pharmaceutical,
143,Bexarotene,pharmaceutical,
144,Bezafibrate,pharmaceutical,
145,Bicalutamide,pharmaceutical,
146,Bictegravir,pharmaceutical,
147,Bilastine,pharmaceutical,
148,Binimetinib,pharmaceutical,
149,Biotin,pharmaceutical,
150,Biperiden,pharmaceutical,
151,Bisacodyl,pharmaceutical,
152,Bismuth Subcitrate Potassium,pharmaceutical,
153,Bisoprolol,pharmaceutical,
154,Bivalirudin,pharmaceutical,
155,Boceprevir,pharmaceutical,
156,Bortezomib,pharmaceutical,
157,Bosentan,pharmaceutical,
158,Bosutinib,pharmaceutical,
159,Brentuximab Vedotin,biological,
160,Brexanolone,pharmaceutical,
161,Brexpiprazole,pharmaceutical,
162,Brigatinib,pharmaceutical,
163,Brimonidine,pharmaceutical,
164,Brincidofovir,pharmaceutical,
165,Brivaracetam,pharmaceutical,
166,Bromazepam,pharmaceutical,
167,Bromocriptine,pharmaceutical,
168,Bromotheophylline,pharmaceutical,
169,Brompheniramine,pharmaceutical,
170,Budesonide,pharmaceutical,
171,Bumetanide,pharmaceutical,
172,Buprenorphine,pharmaceutical,
173,Bupropion,pharmaceutical,
174,Buspirone,pharmaceutical,
175,Busulfan,pharmaceutical,
176,Butabarbital,pharmaceutical,
177,Butalbital,pharmaceutical,
178,Butorphanol,pharmaceutical,
179,Cabazitaxel,pharmaceutical,
180,Cabergoline,pharmaceutical,
181,Cabotegravir,pharmaceutical,
182,Cabozantinib,pharmaceutical,
183,Calcifediol,pharmaceutical,
184,Calcium Acetate,pharmaceutical,
185,Calcium Carbonate,pharmaceutical,
186,Calcium Citrate,pharmaceutical,
187,Calcium Gluconate,pharmaceutical,
188,Calcium Polycarbophil,pharmaceutical,
189,Camostat,pharmaceutical,
190,Canagliflozin,pharmaceutical,
191,Canakinumab,biological,
192,Candesartan Cilexetil,pharmaceutical,
193,Cangrelor,pharmaceutical,
194,Cannabidiol,pharmaceutical,
195,Capecitabine,pharmaceutical,
196,Capivasertib,pharmaceutical,
197,Capmatinib,pharmaceutical,
198,Captopril,pharmaceutical,
199,Carbamazepine,pharmaceutical,
200,Carbenicillin,pharmaceutical,
201,Carbinoxamine,pharmaceutical,
202,Carbocisteine,pharmaceutical,
203,Carboplatin,pharmaceutical,
204,Carglumic Acid,pharmaceutical,
205,Cariprazine,pharmaceutical,
206,Carisoprodol,pharmaceutical,
207,Carmustine,pharmaceutical,
208,Carvedilol,pharmaceutical,
209,Cedazuridine,pharmaceutical,
210,Cefaclor,pharmaceutical,
211,Cefadroxil,pharmaceutical,
212,Cefamandole,pharmaceutical,
213,Cefdinir,pharmaceutical,
214,Cefditoren,pharmaceutical,
215,Cefixime,pharmaceutical,
216,Cefoperazone,pharmaceutical,
217,Cefotetan,pharmaceutical,
218,Cefpodoxime,pharmaceutical,
219,Cefprozil,pharmaceutical,
220,Cefradine,pharmaceutical,
221,Ceftibuten,pharmaceutical,
222,Cefuroxime,pharmaceutical,
223,Celecoxib,pharmaceutical,
224,Celiprolol,pharmaceutical,
225,Cenobamate,pharmaceutical,
226,Centella Asiatica,pharmaceutical,
227,Cephalexin,pharmaceutical,
228,Ceritinib,pharmaceutical,
229,Cerivastatin,pharmaceutical,
230,Certoparin,pharmaceutical,
231,Cetirizine,pharmaceutical,
232,Chloral Hydrate,pharmaceutical,
233,Chlorambucil,pharmaceutical,
234,Chloramphenicol,pharmaceutical,
235,Chlorcyclizine,pharmaceutical,
236,Chlordiazepoxide,pharmaceutical,
237,Chlorhexidine,pharmaceutical,
238,Chloroquine,pharmaceutical,
239,Chlorpheniramine,pharmaceutical,
240,Chlorpromazine,pharmaceutical,
241,Chlorpropamide,pharmaceutical,
242,Chlorprothixene,pharmaceutical,
243,Chlorthalidone,pharmaceutical,
244,Chlorzoxazone,pharmaceutical,
245,Cholestyramine,pharmaceutical,
246,Cholic Acid,pharmaceutical,
247,Choline C-11,radiopharmaceutical,Unlikely to have food interactions - radiopharmaceutical/imaging agent
248,Chromic Chloride,pharmaceutical,
249,Chromium,pharmaceutical,
250,Chromium Nicotinate,pharmaceutical,
251,Chromium Picolinate,pharmaceutical,
252,Chymotrypsin,pharmaceutical,
253,Cilazapril,pharmaceutical,
254,Cilostazol,pharmaceutical,
255,Cimetidine,pharmaceutical,
256,Cinacalcet,pharmaceutical,
257,Cinolazepam,pharmaceutical,
258,Ciprofloxacin,pharmaceutical,
259,Cisapride,pharmaceutical,
260,Cisplatin,pharmaceutical,
261,Citalopram,pharmaceutical,
262,Cladribine,pharmaceutical,
263,Clarithromycin,pharmaceutical,
264,Clavulanic Acid,pharmaceutical,
265,Clemastine,pharmaceutical,
266,Clidinium,pharmaceutical,
267,Clindamycin,pharmaceutical,
268,Clobazam,pharmaceutical,
269,Clodronic Acid,pharmaceutical,
270,Clofarabine,pharmaceutical,
271,Clofazimine,pharmaceutical,
272,Clofedanol,pharmaceutical,
273,Clofibrate,pharmaceutical,
274,Clomifene,pharmaceutical,
275,Clomipramine,pharmaceutical,
276,Clonazepam,pharmaceutical,
277,Clonidine,pharmaceutical,
278,Clopidogrel,pharmaceutical,
279,Clorazepic Acid,pharmaceutical,
280,Clorindione,pharmaceutical,
281,Cloxacillin,pharmaceutical,
282,Cloxazolam,pharmaceutical,
283,Clozapine,pharmaceutical,
284,Cobicistat,pharmaceutical,
285,Cobimetinib,pharmaceutical,
286,Cocarboxylase,pharmaceutical,
287,Codeine,pharmaceutical,
288,Coenzyme M,pharmaceutical,
289,Colchicine,pharmaceutical,
290,Colesevelam,pharmaceutical,
291,Colestipol,pharmaceutical,
292,Conjugated Estrogens,pharmaceutical,
293,Copanlisib,pharmaceutical,
294,Copper Oxodotreotide Cu-64,radiopharmaceutical,Unlikely to have food interactions - radiopharmaceutical/imaging agent
295,Cortisone Acetate,pharmaceutical,
296,Coumarin,pharmaceutical,
297,Crizotinib,pharmaceutical,
298,Crofelemer,pharmaceutical,
299,Cromoglicic Acid,pharmaceutical,
300,Cyanocobalamin,pharmaceutical,
301,Cyclandelate,pharmaceutical,
302,Cyclizine,pharmaceutical,
303,Cyclobenzaprine,pharmaceutical,
304,Cyclophosphamide,pharmaceutical,
305,Cycloserine,pharmaceutical,
306,Cyclosporine,pharmaceutical,
307,Cyproheptadine,pharmaceutical,
308,Cyproterone Acetate,pharmaceutical,
309,Cysteamine,pharmaceutical,
310,Dabigatran,pharmaceutical,
311,Dabigatran Etexilate,pharmaceutical,
312,Dabrafenib,pharmaceutical,
313,Dacarbazine,pharmaceutical,
314,Daclatasvir,pharmaceutical,
315,Dacomitinib,pharmaceutical,
316,Dalfampridine,pharmaceutical,
317,Dalteparin,pharmaceutical,
318,Danaparoid,pharmaceutical,
319,Danazol,pharmaceutical,
320,Danicopan,pharmaceutical,
321,Dantrolene,pharmaceutical,
322,Dapagliflozin,pharmaceutical,
323,Daprodustat,pharmaceutical,
324,Dapsone,pharmaceutical,
325,Darbepoetin Alfa,biological,
326,Darexaban,pharmaceutical,
327,Daridorexant,pharmaceutical,
328,Darifenacin,pharmaceutical,
329,Darolutamide,pharmaceutical,
330,Darunavir,pharmaceutical,
331,Dasabuvir,pharmaceutical,
332,Dasatinib,pharmaceutical,
333,Debrisoquine,pharmaceutical,
334,Deferasirox,pharmaceutical,
335,Deferiprone,pharmaceutical,
336,Defibrotide,pharmaceutical,
337,Deflazacort,pharmaceutical,
338,Delafloxacin,pharmaceutical,
339,Delamanid,pharmaceutical,
340,Delavirdine,pharmaceutical,
341,Demeclocycline,pharmaceutical,
342,Denosumab,biological,
343,Desipramine,pharmaceutical,
344,Desirudin,pharmaceutical,
345,Desloratadine,pharmaceutical,
346,Desmoteplase,pharmaceutical,
347,Desvenlafaxine,pharmaceutical,
348,Deucravacitinib,pharmaceutical,
349,Deuruxolitinib,pharmaceutical,
350,Deutetrabenazine,pharmaceutical,
351,Dexamethasone,pharmaceutical,
352,Dexbrompheniramine,pharmaceutical,
353,Dexchlorpheniramine Maleate,pharmaceutical,
354,Dexfenfluramine,pharmaceutical,
355,Dexlansoprazole,pharmaceutical,
356,Dexmethylphenidate,pharmaceutical,
357,Dextran,pharmaceutical,
358,Dextroamphetamine,pharmaceutical,
359,Dextromethorphan,pharmaceutical,
360,Dextropropoxyphene,pharmaceutical,
361,Dextrothyroxine,pharmaceutical,
362,Diamorphine,pharmaceutical,
363,Diazepam,pharmaceutical,
364,Dichloralphenazone,pharmaceutical,
365,Diclofenac,pharmaceutical,
366,Diclofenamide,pharmaceutical,
367,Dicloxacillin,pharmaceutical,
368,Dicoumarol,pharmaceutical,
369,Dicyclomine,pharmaceutical,
370,Didanosine,pharmaceutical,
371,Dienogest,pharmaceutical,
372,Diethylcarbamazine,pharmaceutical,
373,Diethylpropion,pharmaceutical,
374,Difelikefalin,pharmaceutical,
375,Difenoxin,pharmaceutical,
376,Diflunisal,pharmaceutical,
377,Digitoxin,pharmaceutical,
378,Digoxin,pharmaceutical,
379,Dihydrocodeine,pharmaceutical,
380,Dihydroergotamine,pharmaceutical,
381,Diiodohydroxyquinoline,pharmaceutical,
382,Diltiazem,pharmaceutical,
383,Dimenhydrinate,pharmaceutical,
384,Dimethyl Fumarate,pharmaceutical,
385,Diosmin,pharmaceutical,
386,Diphenadione,pharmaceutical,
387,Diphenhydramine,pharmaceutical,
388,Diphenoxylate,pharmaceutical,
389,Dipyridamole,pharmaceutical,
390,Diroximel Fumarate,pharmaceutical,
391,Disopyramide,pharmaceutical,
392,Disulfiram,pharmaceutical,
393,Ditazole,pharmaceutical,
394,Docetaxel,pharmaceutical,
395,Dofetilide,pharmaceutical,
396,Dolasetron,pharmaceutical,
397,Dolutegravir,pharmaceutical,
398,Domperidone,pharmaceutical,
399,Donepezil,pharmaceutical,
400,Doravirine,pharmaceutical,
401,Doxazosin,pharmaceutical,
402,Doxepin,pharmaceutical,
403,Doxercalciferol,pharmaceutical,
404,Doxorubicin,pharmaceutical,
405,Doxycycline,pharmaceutical,
406,Doxylamine,pharmaceutical,
407,Dronabinol,pharmaceutical,
408,Dronedarone,pharmaceutical,
409,Drospirenone,pharmaceutical,
410,Drotrecogin Alfa,biological,
411,Droxidopa,pharmaceutical,
412,Dulaglutide,pharmaceutical,
413,Duloxetine,pharmaceutical,
414,Dutasteride,pharmaceutical,
415,Duvelisib,pharmaceutical,
416,Dyclonine,pharmaceutical,
417,Ebastine,pharmaceutical,
418,Edaravone,pharmaceutical,
419,Edetic Acid,pharmaceutical,
420,Edoxaban,pharmaceutical,
421,Efavirenz,pharmaceutical,
422,Eflornithine,pharmaceutical,
423,Elacestrant,pharmaceutical,
424,Elafibranor,pharmaceutical,
425,Elagolix,pharmaceutical,
426,Elbasvir,pharmaceutical,
427,Eletriptan,pharmaceutical,
428,Elexacaftor,pharmaceutical,
429,Eliglustat,pharmaceutical,
430,Eltrombopag,pharmaceutical,
431,Eluxadoline,pharmaceutical,
432,Elvitegravir,pharmaceutical,
433,Empagliflozin,pharmaceutical,
434,Emtricitabine,pharmaceutical,
435,Enalapril,pharmaceutical,
436,Enasidenib,pharmaceutical,
437,Encorafenib,pharmaceutical,
438,Enoxaparin,pharmaceutical,
439,Entacapone,pharmaceutical,
440,Entecavir,pharmaceutical,
441,Entrectinib,pharmaceutical,
442,Enzalutamide,pharmaceutical,
443,Epirubicin,pharmaceutical,
444,Eplerenone,pharmaceutical,
445,Eplontersen,pharmaceutical,
446,Epoprostenol,pharmaceutical,
447,Eprosartan,pharmaceutical,
448,Eptifibatide,pharmaceutical,
449,Eravacycline,pharmaceutical,
450,Erdafitinib,pharmaceutical,
451,Ergoloid Mesylate,pharmaceutical,
452,Ergotamine,pharmaceutical,
453,Erlotinib,pharmaceutical,
454,Ertugliflozin,pharmaceutical,
455,Erythrityl Tetranitrate,pharmaceutical,
456,Erythromycin,pharmaceutical,
457,Erythropoietin,pharmaceutical,
458,Escitalopram,pharmaceutical,
459,Esketamine,pharmaceutical,
460,Eslicarbazepine Acetate,pharmaceutical,
461,Esomeprazole,pharmaceutical,
462,Estazolam,pharmaceutical,
463,Esterified Estrogens,pharmaceutical,
464,Estetrol,pharmaceutical,
465,Estradiol Acetate,pharmaceutical,
466,Estradiol Cypionate,pharmaceutical,
467,Estradiol Valerate,pharmaceutical,
468,Estramustine,pharmaceutical,
469,Estrone,pharmaceutical,
470,Estrone Sulfate,pharmaceutical,
471,Eszopiclone,pharmaceutical,
472,Etacrynic Acid,pharmaceutical,
473,Etafedrine,pharmaceutical,
474,Ethambutol,pharmaceutical,
475,Ethchlorvynol,pharmaceutical,
476,Ethinylestradiol,pharmaceutical,
477,Ethionamide,pharmaceutical,
478,Ethosuximide,pharmaceutical,
479,Ethotoin,pharmaceutical,
480,Ethyl Biscoumacetate,pharmaceutical,
481,Etidronic Acid,pharmaceutical,
482,Etodolac,pharmaceutical,
483,Etonogestrel,pharmaceutical,
484,Etoposide,pharmaceutical,
485,Etoricoxib,pharmaceutical,
486,Etrasimod,pharmaceutical,
487,Etravirine,pharmaceutical,
488,Etretinate,pharmaceutical,
489,Everolimus,pharmaceutical,
490,Exemestane,pharmaceutical,
491,Exenatide,pharmaceutical,
492,Ezetimibe,pharmaceutical,
493,Ezogabine,pharmaceutical,
494,Famciclovir,pharmaceutical,
495,Famotidine,pharmaceutical,
496,Febuxostat,pharmaceutical,
497,Fecal Microbiota,pharmaceutical,
498,Fedratinib,pharmaceutical,
499,Felbamate,pharmaceutical,
500,Felodipine,pharmaceutical,
501,Fenfluramine,pharmaceutical,
502,Fenofibrate,pharmaceutical,
503,Fenofibric Acid,pharmaceutical,
504,Fenoldopam,pharmaceutical,
505,Fenoprofen,pharmaceutical,
506,Fenoterol,pharmaceutical,
507,Fentanyl,pharmaceutical,
508,Ferric Cation,pharmaceutical,
509,Ferric Maltol,pharmaceutical,
510,Ferrous Ascorbate,pharmaceutical,
511,Ferrous Fumarate,pharmaceutical,
512,Ferrous Gluconate,pharmaceutical,
513,Ferrous Sulfate Anhydrous,pharmaceutical,
514,Ferulic Acid,pharmaceutical,
515,Fesoterodine,pharmaceutical,
516,Fexinidazole,pharmaceutical,
517,Fexofenadine,pharmaceutical,
518,Fidanacogene Elaparvovec,pharmaceutical,
519,Fidaxomicin,pharmaceutical,
520,Finasteride,pharmaceutical,
521,Finerenone,pharmaceutical,
522,Fingolimod,pharmaceutical,
523,Flavin Adenine Dinucleotide,pharmaceutical,
524,Flavin Mononucleotide,pharmaceutical,
525,Flavoxate,pharmaceutical,
526,Flecainide,pharmaceutical,
527,Fleroxacin,pharmaceutical,
528,Flibanserin,pharmaceutical,
529,Floctafenine,pharmaceutical,
530,Flucloxacillin,pharmaceutical,
531,Fluconazole,pharmaceutical,
532,Fludarabine,pharmaceutical,
533,Fludeoxyglucose (18F),radiopharmaceutical,Unlikely to have food interactions - radiopharmaceutical/imaging agent
534,Fludiazepam,pharmaceutical,
535,Fludrocortisone,pharmaceutical,
536,Fluindione,pharmaceutical,
537,Flumazenil,pharmaceutical,
538,Flunarizine,pharmaceutical,
539,Flunitrazepam,pharmaceutical,
540,Fluorodopa (18F),radiopharmaceutical,Unlikely to have food interactions - radiopharmaceutical/imaging agent
541,Fluoxetine,pharmaceutical,
542,Fluoxymesterone,pharmaceutical,
543,Flupentixol,pharmaceutical,
544,Fluphenazine,pharmaceutical,
545,Flurazepam,pharmaceutical,
546,Flurbiprofen,pharmaceutical,
547,Fluspirilene,pharmaceutical,
548,Flutamide,pharmaceutical,
549,Fluvastatin,pharmaceutical,
550,Fluvoxamine,pharmaceutical,
551,Fomepizole,pharmaceutical,
552,Fondaparinux,pharmaceutical,
553,Fosamprenavir,pharmaceutical,
554,Fosaprepitant,pharmaceutical,
555,Fosfomycin,pharmaceutical,
556,Fosinopril,pharmaceutical,
557,Fosnetupitant,pharmaceutical,
558,Fosphenytoin,pharmaceutical,
559,Fostamatinib,pharmaceutical,
560,Fostemsavir,pharmaceutical,
561,Frovatriptan,pharmaceutical,
562,Fruquintinib,pharmaceutical,
563,Furosemide,pharmaceutical,
564,Fusidic Acid,pharmaceutical,
565,Futibatinib,pharmaceutical,
566,Gw-813893,pharmaceutical,
567,Gabapentin,pharmaceutical,
568,Gabapentin Enacarbil,pharmaceutical,
569,Gabexate,pharmaceutical,
570,Galantamine,pharmaceutical,
571,Galcanezumab,biological,
572,Ganaxolone,pharmaceutical,
573,Ganciclovir,pharmaceutical,
574,Gatifloxacin,pharmaceutical,
575,Gefapixant,pharmaceutical,
576,Gefitinib,pharmaceutical,
577,Gemfibrozil,pharmaceutical,
578,Gemifloxacin,pharmaceutical,
579,Gepirone,pharmaceutical,
580,Gilteritinib,pharmaceutical,
581,Gimeracil,pharmaceutical,
582,Ginkgo Biloba,pharmaceutical,
583,Givinostat,pharmaceutical,
584,Glasdegib,pharmaceutical,
585,Glecaprevir,pharmaceutical,
586,Gliclazide,pharmaceutical,
587,Glimepiride,pharmaceutical,
588,Glipizide,pharmaceutical,
589,Glutethimide,pharmaceutical,
590,Glyburide,pharmaceutical,
591,Glycerol Phenylbutyrate,pharmaceutical,
592,Glycopyrronium,pharmaceutical,
593,Granisetron,pharmaceutical,
594,Grazoprevir,pharmaceutical,
595,Grepafloxacin,pharmaceutical,
596,Griseofulvin,pharmaceutical,
597,Guaifenesin,pharmaceutical,
598,Guanethidine,pharmaceutical,
599,Guanfacine,pharmaceutical,
600,Halofantrine,pharmaceutical,
601,Haloperidol,pharmaceutical,
602,Heparin,pharmaceutical,
603,Hydralazine,pharmaceutical,
604,Hydrochlorothiazide,pharmaceutical,
605,Hydrocodone,pharmaceutical,
606,Hydrocortisone,pharmaceutical,
607,Hydroflumethiazide,pharmaceutical,
608,Hydrogen Fluoride,pharmaceutical,
609,Hydromorphone,pharmaceutical,
610,Hydroxychloroquine,pharmaceutical,
611,Hydroxyurea,pharmaceutical,
612,Hydroxyzine,pharmaceutical,
613,Hyoscyamine,pharmaceutical,
614,Ibandronate,pharmaceutical,
615,Ibrexafungerp,pharmaceutical,
616,Ibritumomab Tiuxetan,pharmaceutical,
617,Ibrutinib,pharmaceutical,
618,Ibuprofen,pharmaceutical,
619,Icosapent Ethyl,pharmaceutical,
620,Idebenone,pharmaceutical,
621,Idelalisib,pharmaceutical,
622,Idraparinux,pharmaceutical,
623,Ifosfamide,pharmaceutical,
624,Iloperidone,pharmaceutical,
625,Iloprost,pharmaceutical,
626,Imatinib,pharmaceutical,
627,Imipramine,pharmaceutical,
628,Imiquimod,pharmaceutical,
629,Inavolisib,pharmaceutical,
630,Indapamide,pharmaceutical,
631,Indinavir,pharmaceutical,
632,Indium In-111 Chloride,radiopharmaceutical,Unlikely to have food interactions - radiopharmaceutical/imaging agent
633,Indium In-111 Pentetreotide,radiopharmaceutical,Unlikely to have food interactions - radiopharmaceutical/imaging agent
634,Indomethacin,pharmaceutical,
635,Infigratinib,pharmaceutical,
636,Ingenol Mebutate,pharmaceutical,
637,Inotersen,pharmaceutical,
638,Insulin Aspart,biological (insulin),
639,Insulin Degludec,biological (insulin),
640,Insulin Detemir,biological (insulin),
641,Insulin Glulisine,biological (insulin),
642,Insulin Human,biological (insulin),
643,Insulin Icodec,biological (insulin),
644,Insulin Pork,biological (insulin),
645,Interferon Alfa-2A,biological,
646,Interferon Alfa-2B,biological,
647,Interferon Alfa-N1,biological,
648,Interferon Beta-1A,biological,
649,Interferon Beta-1B,biological,
650,Interferon Gamma-1B,biological,
651,Iodide I-123,radiopharmaceutical,Unlikely to have food interactions - radiopharmaceutical/imaging agent
652,Iodide I-131,radiopharmaceutical,Unlikely to have food interactions - radiopharmaceutical/imaging agent
653,Iodine,pharmaceutical,
654,Ioflupane I-123,radiopharmaceutical,Unlikely to have food interactions - radiopharmaceutical/imaging agent
655,Iothalamic Acid,radiopharmaceutical,Unlikely to have food interactions - radiopharmaceutical/imaging agent
656,Ioxaglic Acid,radiopharmaceutical,Unlikely to have food interactions - radiopharmaceutical/imaging agent
657,Irbesartan,pharmaceutical,
658,Iron,pharmaceutical,
659,Iron Sucrose,pharmaceutical,
660,Isavuconazole,pharmaceutical,
661,Isavuconazonium,pharmaceutical,
662,Isocarboxazid,pharmaceutical,
663,Isoniazid,pharmaceutical,
664,Isosorbide Dinitrate,pharmaceutical,
665,Isosorbide Mononitrate,pharmaceutical,
666,Isotretinoin,pharmaceutical,
667,Isradipine,pharmaceutical,
668,Istradefylline,pharmaceutical,
669,Itraconazole,pharmaceutical,
670,Ivabradine,pharmaceutical,
671,Ivacaftor,pharmaceutical,
672,Ivermectin,pharmaceutical,
673,Ivosidenib,pharmaceutical,
674,Ixabepilone,pharmaceutical,
675,Ixazomib,pharmaceutical,
676,Ketamine,pharmaceutical,
677,Ketazolam,pharmaceutical,
678,Ketoconazole,pharmaceutical,
679,Ketoprofen,pharmaceutical,
680,Ketorolac,pharmaceutical,
681,Ketotifen,pharmaceutical,
682,L-Acetylleucine,pharmaceutical,
683,L-Glutamine,pharmaceutical,
684,Labetalol,pharmaceutical,
685,Lacosamide,pharmaceutical,
686,Lactitol,pharmaceutical,
687,Lactulose,pharmaceutical,
688,Lamivudine,pharmaceutical,
689,Lamotrigine,pharmaceutical,
690,Lansoprazole,pharmaceutical,
691,Lanthanum Carbonate,pharmaceutical,
692,Lapatinib,pharmaceutical,
693,Larotrectinib,pharmaceutical,
694,Lasmiditan,pharmaceutical,
695,Lazertinib,pharmaceutical,
696,Ledipasvir,pharmaceutical,
697,Lefamulin,pharmaceutical,
698,Leflunomide,pharmaceutical,
699,Lemborexant,pharmaceutical,
700,Lenacapavir,pharmaceutical,
701,Lenalidomide,pharmaceutical,
702,Leniolisib,pharmaceutical,
703,Lenvatinib,pharmaceutical,
704,Lepirudin,pharmaceutical,
705,Lercanidipine,pharmaceutical,
706,Lesinurad,pharmaceutical,
707,Letaxaban,pharmaceutical,
708,Letermovir,pharmaceutical,
709,Letrozole,pharmaceutical,
710,Levamisole,pharmaceutical,
711,Levamlodipine,pharmaceutical,
712,Levetiracetam,pharmaceutical,
713,Levocarnitine,pharmaceutical,
714,Levocetirizine,pharmaceutical,
715,Levodopa,pharmaceutical,
716,Levofloxacin,pharmaceutical,
717,Levoketoconazole,pharmaceutical,
718,Levomefolic Acid,pharmaceutical,
719,Levomilnacipran,pharmaceutical,
720,Levonorgestrel,pharmaceutical,
721,Levorphanol,pharmaceutical,
722,Levothyroxine,pharmaceutical,
723,Linaclotide,pharmaceutical,
724,Linagliptin,pharmaceutical,
725,Lindane,pharmaceutical,
726,Linezolid,pharmaceutical,
727,Linzagolix,pharmaceutical,
728,Liothyronine,pharmaceutical,
729,Liotrix,pharmaceutical,
730,Liraglutide,pharmaceutical,
731,Lisdexamfetamine,pharmaceutical,
732,Lisinopril,pharmaceutical,
733,Lithium Carbonate,pharmaceutical,
734,Lithium Citrate,pharmaceutical,
735,Lixisenatide,pharmaceutical,
736,Lofexidine,pharmaceutical,
737,Lomefloxacin,pharmaceutical,
738,Lomitapide,pharmaceutical,
739,Lonafarnib,pharmaceutical,
740,Lopinavir,pharmaceutical,
741,Loracarbef,pharmaceutical,
742,Lorazepam,pharmaceutical,
743,Lorcaserin,pharmaceutical,
744,Lorlatinib,pharmaceutical,
745,Losartan,pharmaceutical,
746,Lovastatin,pharmaceutical,
747,Loxapine,pharmaceutical,
748,Loxoprofen,pharmaceutical,
749,Lubiprostone,pharmaceutical,
750,Lumacaftor,pharmaceutical,
751,Lumateperone,pharmaceutical,
752,Lumefantrine,pharmaceutical,
753,Lumiracoxib,pharmaceutical,
754,Lurasidone,pharmaceutical,
755,Lusutrombopag,pharmaceutical,
756,Lutein,pharmaceutical,
757,Lymecycline,pharmaceutical,
758,Macimorelin,pharmaceutical,
759,Macitentan,pharmaceutical,
760,Magaldrate,pharmaceutical,
761,Magnesium,pharmaceutical,
762,Magnesium Ascorbate,pharmaceutical,
763,Magnesium Chloride,pharmaceutical,
764,Magnesium Citrate,pharmaceutical,
765,Magnesium Glycinate,pharmaceutical,
766,Magnesium Oxide,pharmaceutical,
767,Maprotiline,pharmaceutical,
768,Maralixibat,pharmaceutical,
769,Maraviroc,pharmaceutical,
770,Maribavir,pharmaceutical,
771,Mavorixafor,pharmaceutical,
772,Mazindol,pharmaceutical,
773,Mebendazole,pharmaceutical,
774,Mecamylamine,pharmaceutical,
775,Mecasermin,pharmaceutical,
776,Mecasermin Rinfabate,pharmaceutical,
777,Meclizine,pharmaceutical,
778,Meclofenamic Acid,pharmaceutical,
779,Medroxyprogesterone Acetate,pharmaceutical,
780,Mefenamic Acid,pharmaceutical,
781,Mefloquine,pharmaceutical,
782,Megestrol Acetate,pharmaceutical,
783,Melagatran,pharmaceutical,
784,Melatonin,pharmaceutical,
785,Meloxicam,pharmaceutical,
786,Memantine,pharmaceutical,
787,Meperidine,pharmaceutical,
788,Meprobamate,pharmaceutical,
789,Mepyramine,pharmaceutical,
790,Mercaptopurine,pharmaceutical,
791,Mesalazine,pharmaceutical,
792,Mesoridazine,pharmaceutical,
793,Metaxalone,pharmaceutical,
794,Metformin,pharmaceutical,
795,Methacholine,pharmaceutical,
796,Methadone,pharmaceutical,
797,Methazolamide,pharmaceutical,
798,Methenamine,pharmaceutical,
799,Methionine,pharmaceutical,
800,Methocarbamol,pharmaceutical,
801,Methohexital,pharmaceutical,
802,Methotrexate,pharmaceutical,
803,Methotrimeprazine,pharmaceutical,
804,Methoxsalen,pharmaceutical,
805,Methoxyflurane,pharmaceutical,
806,Methscopolamine Bromide,pharmaceutical,
807,Methsuximide,pharmaceutical,
808,Methylcellulose,pharmaceutical,
809,Methyldopa,pharmaceutical,
810,Methylergometrine,pharmaceutical,
811,Methylnaltrexone,pharmaceutical,
812,Methylphenidate,pharmaceutical,
813,Methylprednisolone,pharmaceutical,
814,Methyprylon,pharmaceutical,
815,Methysergide,pharmaceutical,
816,Metoclopramide,pharmaceutical,
817,Metolazone,pharmaceutical,
818,Metoprolol,pharmaceutical,
819,Metreleptin,pharmaceutical,
820,Metronidazole,pharmaceutical,
821,Metyrapone,pharmaceutical,
822,Metyrosine,pharmaceutical,
823,Mevastatin,pharmaceutical,
824,Mexiletine,pharmaceutical,
825,Midazolam,pharmaceutical,
826,Midodrine,pharmaceutical,
827,Midostaurin,pharmaceutical,
828,Mifepristone,pharmaceutical,
829,Migalastat,pharmaceutical,
830,Miglitol,pharmaceutical,
831,Miglustat,pharmaceutical,
832,Milnacipran,pharmaceutical,
833,Miltefosine,pharmaceutical,
834,Minocycline,pharmaceutical,
835,Minoxidil,pharmaceutical,
836,Mipomersen,pharmaceutical,
837,Mirabegron,pharmaceutical,
838,Mirtazapine,pharmaceutical,
839,Misoprostol,pharmaceutical,
840,Mitapivat,pharmaceutical,
841,Mitotane,pharmaceutical,
842,Mobocertinib,pharmaceutical,
843,Moclobemide,pharmaceutical,
844,Modafinil,pharmaceutical,
845,Moexipril,pharmaceutical,
846,Molindone,pharmaceutical,
847,Molnupiravir,pharmaceutical,
848,Momelotinib,pharmaceutical,
849,Monopotassium Phosphate,pharmaceutical,
850,Montelukast,pharmaceutical,
851,Monteplase,pharmaceutical,
852,Morphine,pharmaceutical,
853,Moxidectin,pharmaceutical,
854,Moxifloxacin,pharmaceutical,
855,Mycophenolate Mofetil,pharmaceutical,
856,Mycophenolic Acid,pharmaceutical,
857,Nabilone,pharmaceutical,
858,Nabumetone,pharmaceutical,
859,Nadolol,pharmaceutical,
860,Nadroparin,pharmaceutical,
861,Nafamostat,pharmaceutical,
862,Nafarelin,pharmaceutical,
863,Nafcillin,pharmaceutical,
864,Naftazone,pharmaceutical,
865,Nalbuphine,pharmaceutical,
866,Naldemedine,pharmaceutical,
867,Nalidixic Acid,pharmaceutical,
868,Nalmefene,pharmaceutical,
869,Naloxegol,pharmaceutical,
870,Naloxone,pharmaceutical,
871,Naltrexone,pharmaceutical,
872,Naproxen,pharmaceutical,
873,Naratriptan,pharmaceutical,
874,Nateglinide,pharmaceutical,
875,Nebivolol,pharmaceutical,
876,Nefazodone,pharmaceutical,
877,Nelfinavir,pharmaceutical,
878,Neratinib,pharmaceutical,
879,Netupitant,pharmaceutical,
880,Nevirapine,pharmaceutical,
881,Niacin,pharmaceutical,
882,Nicardipine,pharmaceutical,
883,Nicotine,pharmaceutical,
884,Nifedipine,pharmaceutical,
885,Nifurtimox,pharmaceutical,
886,Nilotinib,pharmaceutical,
887,Nilutamide,pharmaceutical,
888,Nilvadipine,pharmaceutical,
889,Nimodipine,pharmaceutical,
890,Nintedanib,pharmaceutical,
891,Niraparib,pharmaceutical,
892,Nirmatrelvir,pharmaceutical,
893,Nirogacestat,pharmaceutical,
894,Nisoldipine,pharmaceutical,
895,Nitazoxanide,pharmaceutical,
896,Nitisinone,pharmaceutical,
897,Nitrazepam,pharmaceutical,
898,Nitrendipine,pharmaceutical,
899,Nitrofurantoin,pharmaceutical,
900,Nitroglycerin,pharmaceutical,
901,Nizatidine,pharmaceutical,
902,Norethisterone,pharmaceutical,
903,Norfloxacin,pharmaceutical,
904,Norgestimate,pharmaceutical,
905,Norgestrel,pharmaceutical,
906,Normethadone,pharmaceutical,
907,Nortriptyline,pharmaceutical,
908,Nylidrin,pharmaceutical,
909,Obeticholic Acid,pharmaceutical,
910,Obinutuzumab,biological,
911,Octreotide,pharmaceutical,
912,Odevixibat,pharmaceutical,
913,Ofloxacin,pharmaceutical,
914,Olanzapine,pharmaceutical,
915,Olaparib,pharmaceutical,
916,Olmesartan,pharmaceutical,
917,Olsalazine,pharmaceutical,
918,Olutasidenib,pharmaceutical,
919,Omadacycline,pharmaceutical,
920,Omaveloxolone,pharmaceutical,
921,Ombitasvir,pharmaceutical,
922,Omega-3-Acid Ethyl Esters,pharmaceutical,
923,Omega-3-Carboxylic Acids,pharmaceutical,
924,Omeprazole,pharmaceutical,
925,Ondansetron,pharmaceutical,
926,Opicapone,pharmaceutical,
927,Opium,pharmaceutical,
928,Orciprenaline,pharmaceutical,
929,Orlistat,pharmaceutical,
930,Orphenadrine,pharmaceutical,
931,Oseltamivir,pharmaceutical,
932,Osilodrostat,pharmaceutical,
933,Osimertinib,pharmaceutical,
934,Ospemifene,pharmaceutical,
935,Otamixaban,pharmaceutical,
936,Oteracil,pharmaceutical,
937,Oteseconazole,pharmaceutical,
938,Ox Bile Extract,pharmaceutical,
939,Oxaprozin,pharmaceutical,
940,Oxatomide,pharmaceutical,
941,Oxazepam,pharmaceutical,
942,Oxcarbazepine,pharmaceutical,
943,Oxilofrine,pharmaceutical,
944,Oxprenolol,pharmaceutical,
945,Oxtriphylline,pharmaceutical,
946,Oxybutynin,pharmaceutical,
947,Oxycodone,pharmaceutical,
948,Oxymorphone,pharmaceutical,
949,Oxyphenbutazone,pharmaceutical,
950,Oxytetracycline,pharmaceutical,
951,Ozanimod,pharmaceutical,
952,Paclitaxel,pharmaceutical,
953,Pacritinib,pharmaceutical,
954,Palbociclib,pharmaceutical,
955,Paliperidone,pharmaceutical,
956,Palonosetron,pharmaceutical,
957,Palovarotene,pharmaceutical,
958,Pancrelipase,pharmaceutical,
959,Pancrelipase Amylase,pharmaceutical,
960,Pancrelipase Lipase,pharmaceutical,
961,Pancrelipase Protease,pharmaceutical,
962,Panobinostat,pharmaceutical,
963,Pantoprazole,pharmaceutical,
964,Pargyline,pharmaceutical,
965,Paricalcitol,pharmaceutical,
966,Paritaprevir,pharmaceutical,
967,Parnaparin,pharmaceutical,
968,Paromomycin,pharmaceutical,
969,Paroxetine,pharmaceutical,
970,Patiromer,pharmaceutical,
971,Pazopanib,pharmaceutical,
972,Pegaspargase,pharmaceutical,
973,Peginterferon Alfa-2A,biological,
974,Peginterferon Alfa-2B,biological,
975,Pemetrexed,pharmaceutical,
976,Pemigatinib,pharmaceutical,
977,Pemoline,pharmaceutical,
978,Penicillamine,pharmaceutical,
979,Pentaerythritol Tetranitrate,pharmaceutical,
980,Pentazocine,pharmaceutical,
981,Pentosan Polysulfate,pharmaceutical,
982,Pentoxifylline,pharmaceutical,
983,Pentoxyverine,pharmaceutical,
984,Pepsin,pharmaceutical,
985,Perampanel,pharmaceutical,
986,Pergolide,pharmaceutical,
987,Periciazine,pharmaceutical,
988,Perindopril,pharmaceutical,
989,Perphenazine,pharmaceutical,
990,Pexidartinib,pharmaceutical,
991,Phenacemide,pharmaceutical,
992,Phenazopyridine,pharmaceutical,
993,Phendimetrazine,pharmaceutical,
994,Phenelzine,pharmaceutical,
995,Phenindamine,pharmaceutical,
996,Phenindione,pharmaceutical,
997,Phenobarbital,pharmaceutical,
998,Phenoxymethylpenicillin,pharmaceutical,
999,Phenprocoumon,pharmaceutical,
1000,Phentermine,pharmaceutical,
1001,Phenylbutazone,pharmaceutical,
1002,Phenylbutyric Acid,pharmaceutical,
1003,Phenylpropanolamine,pharmaceutical,
1004,Phenytoin,pharmaceutical,
1005,Pibrentasvir,pharmaceutical,
1006,Picosulfuric Acid,pharmaceutical,
1007,Pilocarpine,pharmaceutical,
1008,Pimavanserin,pharmaceutical,
1009,Pimozide,pharmaceutical,
1010,Pinaverium,pharmaceutical,
1011,Pindolol,pharmaceutical,
1012,Pioglitazone,pharmaceutical,
1013,Piperazine,pharmaceutical,
1014,Pipotiazine,pharmaceutical,
1015,Pirenzepine,pharmaceutical,
1016,Pirfenidone,pharmaceutical,
1017,Piroxicam,pharmaceutical,
1018,Pirtobrutinib,pharmaceutical,
1019,Pitavastatin,pharmaceutical,
1020,Pitolisant,pharmaceutical,
1021,Pivampicillin,pharmaceutical,
1022,Pivmecillinam,pharmaceutical,
1023,Pizotifen,pharmaceutical,
1024,Plantago Seed,pharmaceutical,
1025,Plecanatide,pharmaceutical,
1026,Polatuzumab Vedotin,biological,
1027,Polyethylene Glycol,pharmaceutical,
1028,Polythiazide,pharmaceutical,
1029,Pomalidomide,pharmaceutical,
1030,Ponatinib,pharmaceutical,
1031,Ponesimod,pharmaceutical,
1032,Posaconazole,pharmaceutical,
1033,Potassium Bicarbonate,pharmaceutical,
1034,Potassium Chloride,pharmaceutical,
1035,Potassium Citrate,pharmaceutical,
1036,Practolol,pharmaceutical,
1037,Pralsetinib,pharmaceutical,
1038,Pramipexole,pharmaceutical,
1039,Pramlintide,pharmaceutical,
1040,Prasugrel,pharmaceutical,
1041,Pravastatin,pharmaceutical,
1042,Prazepam,pharmaceutical,
1043,Praziquantel,pharmaceutical,
1044,Prazosin,pharmaceutical,
1045,Prednisolone,pharmaceutical,
1046,Prednisolone Acetate,pharmaceutical,
1047,Prednisolone Phosphate,pharmaceutical,
1048,Prednisone,pharmaceutical,
1049,Pregabalin,pharmaceutical,
1050,Pretomanid,pharmaceutical,
1051,Prilocaine,pharmaceutical,
1052,Primaquine,pharmaceutical,
1053,Primidone,pharmaceutical,
1054,Probenecid,pharmaceutical,
1055,Probucol,pharmaceutical,
1056,Procainamide,pharmaceutical,
1057,Procarbazine,pharmaceutical,
1058,Procaterol,pharmaceutical,
1059,Prochlorperazine,pharmaceutical,
1060,Procyclidine,pharmaceutical,
1061,Progesterone,pharmaceutical,
1062,Proguanil,pharmaceutical,
1063,Promazine,pharmaceutical,
1064,Promethazine,pharmaceutical,
1065,Propafenone,pharmaceutical,
1066,Propantheline,pharmaceutical,
1067,Propiverine,pharmaceutical,
1068,Propranolol,pharmaceutical,
1069,Propylthiouracil,pharmaceutical,
1070,Protein C,biological,
1071,Protein S Human,biological,
1072,Protirelin,pharmaceutical,
1073,Prucalopride,pharmaceutical,
1074,Pseudoephedrine,pharmaceutical,
1075,Pyrazinamide,pharmaceutical,
1076,Pyridostigmine,pharmaceutical,
1077,Pyrimethamine,pharmaceutical,
1078,Quazepam,pharmaceutical,
1079,Quetiapine,pharmaceutical,
1080,Quinagolide,pharmaceutical,
1081,Quinapril,pharmaceutical,
1082,Quinethazone,pharmaceutical,
1083,Quinidine,pharmaceutical,
1084,Quinine,pharmaceutical,
1085,Quizartinib,pharmaceutical,
1086,Rabeprazole,pharmaceutical,
1087,Racepinephrine,pharmaceutical,
1088,Radium Ra 223 Dichloride,radiopharmaceutical,Unlikely to have food interactions - radiopharmaceutical/imaging agent
1089,Raloxifene,pharmaceutical,
1090,Raltegravir,pharmaceutical,
1091,Ramelteon,pharmaceutical,
1092,Ramipril,pharmaceutical,
1093,Ranitidine,pharmaceutical,
1094,Ranolazine,pharmaceutical,
1095,Rasagiline,pharmaceutical,
1096,Rebamipide,pharmaceutical,
1097,Regadenoson,pharmaceutical,
1098,Regorafenib,pharmaceutical,
1099,Relugolix,pharmaceutical,
1100,Remifentanil,pharmaceutical,
1101,Remimazolam,pharmaceutical,
1102,Repaglinide,pharmaceutical,
1103,Repotrectinib,pharmaceutical,
1104,Reserpine,pharmaceutical,
1105,Resmetirom,pharmaceutical,
1106,Reteplase,pharmaceutical,
1107,Reviparin,pharmaceutical,
1108,Revumenib,pharmaceutical,
1109,Ribavirin,pharmaceutical,
1110,Ribociclib,pharmaceutical,
1111,Rifabutin,pharmaceutical,
1112,Rifampin,pharmaceutical,
1113,Rifamycin,pharmaceutical,
1114,Rifapentine,pharmaceutical,
1115,Rifaximin,pharmaceutical,
1116,Rilmenidine,pharmaceutical,
1117,Rilpivirine,pharmaceutical,
1118,Riluzole,pharmaceutical,
1119,Rimegepant,pharmaceutical,
1120,Riociguat,pharmaceutical,
1121,Ripretinib,pharmaceutical,
1122,Risdiplam,pharmaceutical,
1123,Risedronic Acid,pharmaceutical,
1124,Risperidone,pharmaceutical,
1125,Ritlecitinib,pharmaceutical,
1126,Ritonavir,pharmaceutical,
1127,Rivaroxaban,pharmaceutical,
1128,Rivastigmine,pharmaceutical,
1129,Rizatriptan,pharmaceutical,
1130,Rofecoxib,pharmaceutical,
1131,Roflumilast,pharmaceutical,
1132,Rolapitant,pharmaceutical,
1133,Rolitetracycline,pharmaceutical,
1134,Romidepsin,pharmaceutical,
1135,Romosozumab,biological,
1136,Ropinirole,pharmaceutical,
1137,Rosiglitazone,pharmaceutical,
1138,Rosuvastatin,pharmaceutical,
1139,Roxadustat,pharmaceutical,
1140,Rucaparib,pharmaceutical,
1141,Rufinamide,pharmaceutical,
1142,Rupatadine,pharmaceutical,
1143,Ruxolitinib,pharmaceutical,
1144,Safinamide,pharmaceutical,
1145,Salmon Calcitonin,biological,
1146,Salsalate,pharmaceutical,
1147,Samidorphan,pharmaceutical,
1148,Sapropterin,pharmaceutical,
1149,Saquinavir,pharmaceutical,
1150,Sarecycline,pharmaceutical,
1151,Saruplase,pharmaceutical,
1152,Saxagliptin,pharmaceutical,
1153,Scopolamine,pharmaceutical,
1154,Secnidazole,pharmaceutical,
1155,Secobarbital,pharmaceutical,
1156,Segesterone Acetate,pharmaceutical,
1157,Seladelpar,pharmaceutical,
1158,Selegiline,pharmaceutical,
1159,Selinexor,pharmaceutical,
1160,Selpercatinib,pharmaceutical,
1161,Selumetinib,pharmaceutical,
1162,Semaglutide,pharmaceutical,
1163,Semuloparin,pharmaceutical,
1164,Sennosides,pharmaceutical,
1165,Serdexmethylphenidate,pharmaceutical,
1166,Sertraline,pharmaceutical,
1167,Sevelamer,pharmaceutical,
1168,Sildenafil,pharmaceutical,
1169,Silicon,pharmaceutical,
1170,Silodosin,pharmaceutical,
1171,Silodrate,pharmaceutical,
1172,Simeprevir,pharmaceutical,
1173,Simethicone,pharmaceutical,
1174,Simvastatin,pharmaceutical,
1175,Siponimod,pharmaceutical,
1176,Sirolimus,pharmaceutical,
1177,Sitagliptin,pharmaceutical,
1178,Sitaxentan,pharmaceutical,
1179,Sodium Bicarbonate,pharmaceutical,
1180,Sodium Citrate,pharmaceutical,
1181,Sodium Feredetate,pharmaceutical,
1182,Sodium Fluoride,pharmaceutical,
1183,Sodium Lauryl Sulfate,pharmaceutical,
1184,Sodium Oxybate,pharmaceutical,
1185,"Sodium Phosphate, Dibasic",pharmaceutical,
1186,"Sodium Phosphate, Dibasic, Unspecified Form",pharmaceutical,
1187,"Sodium Phosphate, Monobasic, Unspecified Form",pharmaceutical,
1188,Sofosbuvir,pharmaceutical,
1189,Solifenacin,pharmaceutical,
1190,Solriamfetol,pharmaceutical,
1191,Sonidegib,pharmaceutical,
1192,Sorafenib,pharmaceutical,
1193,Sotagliflozin,pharmaceutical,
1194,Sotalol,pharmaceutical,
1195,Sotorasib,pharmaceutical,
1196,Spaglumic Acid,pharmaceutical,
1197,Sparsentan,pharmaceutical,
1198,Spinosad,pharmaceutical,
1199,Spiramycin,pharmaceutical,
1200,Spirapril,pharmaceutical,
1201,Spironolactone,pharmaceutical,
1202,Stavudine,pharmaceutical,
1203,Stiripentol,pharmaceutical,
1204,Streptokinase,biological,
1205,Strontium Ranelate,pharmaceutical,
1206,Succimer,pharmaceutical,
1207,Sucralfate,pharmaceutical,
1208,Sufentanil,pharmaceutical,
1209,Sulfadoxine,pharmaceutical,
1210,Sulfamethizole,pharmaceutical,
1211,Sulfasalazine,pharmaceutical,
1212,Sulfinpyr, A",pharmaceutical,
1213,Sulindac,pharmaceutical,
1214,Sulodexide,pharmaceutical,
1215,Sulopenem Etzadroxil,pharmaceutical,
1216,Sulpiride,pharmaceutical,
1217,Sulthiame,pharmaceutical,
1218,Sumatriptan,pharmaceutical,
1219,Sunitinib,pharmaceutical,
1220,Suvorexant,pharmaceutical,
1221,"Synthetic Conjugated Estrogens1201,Spironolactone,pharmaceutical,
1222,"Synthetic Conjugated Estrogens, B",pharmaceutical,
1223,Tacrine,pharmaceutical,
1224,Tacrolimus,pharmaceutical,
1225,Tadalafil,pharmaceutical,
1226,Tafamidis,pharmaceutical,
1227,Tafenoquine,pharmaceutical,
1228,Talazoparib,pharmaceutical,
1229,Taliglucerase Alfa,biological,
1230,Tamoxifen,pharmaceutical,
1231,Tamsulosin,pharmaceutical,
1232,Tapentadol,pharmaceutical,
1233,Tasimelteon,pharmaceutical,
1234,Tazemetostat,pharmaceutical,
1235,Technetium Tc-99M Disofenin,radiopharmaceutical,Unlikely to have food interactions - radiopharmaceutical/imaging agent
1236,Technetium Tc-99M Mebrofenin,radiopharmaceutical,Unlikely to have food interactions - radiopharmaceutical/imaging agent
1237,Technetium Tc-99M Medronate,radiopharmaceutical,Unlikely to have food interactions - radiopharmaceutical/imaging agent
1238,Technetium Tc-99M Sulfur Colloid,radiopharmaceutical,Unlikely to have food interactions - radiopharmaceutical/imaging agent
1239,Tecovirimat,pharmaceutical,
1240,Tedizolid Phosphate,pharmaceutical,
1241,Tegafur,pharmaceutical,
1242,Tegaserod,pharmaceutical,
1243,Telaprevir,pharmaceutical,
1244,Telbivudine,pharmaceutical,
1245,Telithromycin,pharmaceutical,
1246,Telmisartan,pharmaceutical,
1247,Telotristat Ethyl,pharmaceutical,
1248,Temazepam,pharmaceutical,
1249,Temozolomide,pharmaceutical,
1250,Temsirolimus,pharmaceutical,
1251,Tenapanor,pharmaceutical,
1252,Tenecteplase,pharmaceutical,
1253,Teniposide,pharmaceutical,
1254,Tenofovir,pharmaceutical,
1255,Tenofovir Alafenamide,pharmaceutical,
1256,Tenofovir Disoproxil,pharmaceutical,
1257,Tenoxicam,pharmaceutical,
1258,Tepotinib,pharmaceutical,
1259,Terazosin,pharmaceutical,
1260,Terbinafine,pharmaceutical,
1261,Terfenadine,pharmaceutical,
1262,Teriflunomide,pharmaceutical,
1263,Teriparatide,pharmaceutical,
1264,Testosterone Undecanoate,pharmaceutical,
1265,Tetrabenazine,pharmaceutical,
1266,Tetracycline,pharmaceutical,
1267,Tetraferric Tricitrate Decahydrate,pharmaceutical,
1268,Tetrofosmin,pharmaceutical,
1269,Tezacaftor,pharmaceutical,
1270,Thalidomide,pharmaceutical,
1271,Theophylline,pharmaceutical,
1272,Thiethylperazine,pharmaceutical,
1273,Thiopental,pharmaceutical,
1274,Thioproperazine,pharmaceutical,
1275,Thioridazine,pharmaceutical,
1276,Thiotepa,pharmaceutical,
1277,Thiothixene,pharmaceutical,
1278,Tiagabine,pharmaceutical,
1279,Tianeptine,pharmaceutical,
1280,Tiaprofenic Acid,pharmaceutical,
1281,Tibolone,pharmaceutical,
1282,Ticagrelor,pharmaceutical,
1283,Ticlopidine,pharmaceutical,
1284,Tilactase,pharmaceutical,
1285,Tiludronic Acid,pharmaceutical,
1286,Tinidazole,pharmaceutical,
1287,Tinzaparin,pharmaceutical,
1288,Tioclomarol,pharmaceutical,
1289,Tioguanine,pharmaceutical,
1290,Tiopronin,pharmaceutical,
1291,Tiotropium,pharmaceutical,
1292,Tipiracil,pharmaceutical,
1293,Tipranavir,pharmaceutical,
1294,Tirzepatide,pharmaceutical,
1295,Tivozanib,pharmaceutical,
1296,Tizanidine,pharmaceutical,
1297,Tocopherylquinone,pharmaceutical,
1298,Tofacitinib,pharmaceutical,
1299,Tolazamide,pharmaceutical,
1300,Tolbutamide,pharmaceutical,
1301,Tolcapone,pharmaceutical,
1302,Tolevamer,pharmaceutical,
1303,Tolmetin,pharmaceutical,
1304,Tolterodine,pharmaceutical,
1305,Tolvaptan,pharmaceutical,
1306,Topiramate,pharmaceutical,
1307,Topotecan,pharmaceutical,
1308,Torasemide,pharmaceutical,
1309,Toremifene,pharmaceutical,
1310,Tovorafenib,pharmaceutical,
1311,Trabectedin,pharmaceutical,
1312,Tramadol,pharmaceutical,
1313,Trametinib,pharmaceutical,
1314,Trandolapril,pharmaceutical,
1315,Tranexamic Acid,pharmaceutical,
1316,Tranylcypromine,pharmaceutical,
1317,Trastuzumab Emtansine,biological,
1318,Trazodone,pharmaceutical,
1319,Treprostinil,pharmaceutical,
1320,Tretinoin,pharmaceutical,
1321,Triamterene,pharmaceutical,
1322,Triazavirin,pharmaceutical,
1323,Triazolam,pharmaceutical,
1324,Triclabendazole,pharmaceutical,
1325,Triethylenetetramine,pharmaceutical,
1326,Trifluoperazine,pharmaceutical,
1327,Trifluridine,pharmaceutical,
1328,Triflusal,pharmaceutical,
1329,Triheptanoin,pharmaceutical,
1330,Trihexyphenidyl,pharmaceutical,
1331,Trimebutine,pharmaceutical,
1332,Trimetazidine,pharmaceutical,
1333,Trimethadione,pharmaceutical,
1334,Trimethobenzamide,pharmaceutical,
1335,Trimipramine,pharmaceutical,
1336,Trioxsalen,pharmaceutical,
1337,Triprolidine,pharmaceutical,
1338,Trofinetide,pharmaceutical,
1339,Tropisetron,pharmaceutical,
1340,Trospium,pharmaceutical,
1341,Trovafloxacin,pharmaceutical,
1342,Tucatinib,pharmaceutical,
1343,Ubidecarenone,pharmaceutical,
1344,Ubrogepant,pharmaceutical,
1345,Ulipristal,pharmaceutical,
1346,Umbralisib,pharmaceutical,
1347,Upadacitinib,pharmaceutical,
1348,Urea C-13,radiopharmaceutical,Unlikely to have food interactions - radiopharmaceutical/imaging agent
1349,Urea C-14,radiopharmaceutical,Unlikely to have food interactions - radiopharmaceutical/imaging agent
1350,Uridine Triacetate,pharmaceutical,
1351,Urokinase,biological,
1352,Ursodeoxycholic Acid,pharmaceutical,
1353,Vadadustat,pharmaceutical,
1354,Valaciclovir,pharmaceutical,
1355,Valbenazine,pharmaceutical,
1356,Valdecoxib,pharmaceutical,
1357,Valganciclovir,pharmaceutical,
1358,Valoctocogene Roxaparvovec,pharmaceutical,
1359,Valproic Acid,pharmaceutical,
1360,Valsartan,pharmaceutical,
1361,Vamorolone,pharmaceutical,
1362,Vancomycin,pharmaceutical,
1363,Vandetanib,pharmaceutical,
1364,Vardenafil,pharmaceutical,
1365,Varenicline,pharmaceutical,
1366,Velpatasvir,pharmaceutical,
1367,Vemurafenib,pharmaceutical,
1368,Venetoclax,pharmaceutical,
1369,Venlafaxine,pharmaceutical,
1370,Verapamil,pharmaceutical,
1371,Vericiguat,pharmaceutical,
1372,Vibegron,pharmaceutical,
1373,Vibrio Cholerae Cvd 103-Hgr Strain Live Antigen,pharmaceutical,
1374,Vigabatrin,pharmaceutical,
1375,Vilazodone,pharmaceutical,
1376,Vildagliptin,pharmaceutical,
1377,Viloxazine,pharmaceutical,
1378,Vinblastine,pharmaceutical,
1379,Vincristine,pharmaceutical,
1380,Vindesine,pharmaceutical,
1381,Vinflunine,pharmaceutical,
1382,Vinorelbine,pharmaceutical,
1383,Vismodegib,pharmaceutical,
1384,Vitamin D,pharmaceutical,
1385,Vitamin E,pharmaceutical,
1386,Voclosporin,pharmaceutical,
1387,Vonoprazan,pharmaceutical,
1388,Vorapaxar,pharmaceutical,
1389,Vorasidenib,pharmaceutical,
1390,Voriconazole,pharmaceutical,
1391,Vorinostat,pharmaceutical,
1392,Vortioxetine,pharmaceutical,
1393,Vosoritide,pharmaceutical,
1394,Voxelotor,pharmaceutical,
1395,Voxilaprevir,pharmaceutical,
1396,Warfarin,pharmaceutical,
1397,Xanomeline,pharmaceutical,
1398,Ximelagatran,pharmaceutical,
1399,Yohimbine,pharmaceutical,
1400,Zafirlukast,pharmaceutical,
1401,Zalcitabine,pharmaceutical,
1402,Zaleplon,pharmaceutical,
1403,Zanubrutinib,pharmaceutical,
1404,Zeaxanthin,pharmaceutical,
1405,Ziconotide,pharmaceutical,
1406,Zidovudine,pharmaceutical,
1407,Zileuton,pharmaceutical,
1408,Zinc,pharmaceutical,
1409,Zinc Acetate,pharmaceutical,
1410,Zinc Ascorbate,pharmaceutical,
1411,Zinc Citrate,pharmaceutical,
1412,Zinc Gluconate,pharmaceutical,
1413,Zinc Oxide,pharmaceutical,
1414,Zinc Sulfate,pharmaceutical,
1415,"Zinc Sulfate, Unspecified Form",pharmaceutical,
1416,Ziprasidone,pharmaceutical,
1417,Zolmitriptan,pharmaceutical,
1418,Zolpidem,pharmaceutical,
1419,Zonisamide,pharmaceutical,
1420,Zopiclone,pharmaceutical,
1421,Zuclopenthixol,pharmaceutical,
1422,Zuranolone,pharmaceutical,
