food_id,food_name,smiles
512,D-Aspartic Acid,C([C@H](C(=O)O)N)C(=O)O
513,Palmitic Acid,CCCCCCCCCCCCCCCC(=O)O
514,D-Glucose,C([C@@H]1[C@H]([C@@H]([C@H](C(O1)O)O)O)O)O
515,Naringenin,C1[C@H](OC2=CC(=CC(=C2C1=O)O)O)C3=CC=C(C=C3)O
516,L-Leucine,CC(C)C[C@@H](C(=O)O)N
517,L-Arginine,C(C[C@@H](C(=O)O)N)CN=C(N)N
518,Epsilon-Polylysine,CCCCCC(C(=O)NC)N
28,L-Ascorbic Acid,C([C@@H]([C@@H]1C(=C(C(=O)O1)O)O)O)O
519,D-Fructose,C1[C@H]([C@H]([C@@H](C(O1)(CO)O)O)O)O
520,L-Serine,C([C@@H](C(=O)O)N)O
521,Nitrogen,N#N
522,L-Proline,C1C[C@H](NC1)C(=O)O
523,Ethanol,CCO
524,"1-Methyl-4-(6-methylhept-6-en-2-yl)cyclohexa-1,4-diene",CC1=CCC(=CC1)C(C)CCCC(=C)C
514,Beta-D-Glucose,C([C@@H]1[C@H]([C@@H]([C@H]([C@@H](O1)O)O)O)O)O
525,(-)-alpha-Curcumene,CC1=CC=C(C=C1)[C@H](C)CCC=C(C)C
526,Curcumenol,C[C@H]1CC[C@@H]2[C@]13CC(=C(C)C)[C@](O3)(C=C2C)O
527,Ethinylestradiol,C[C@]12CC[C@H]3[C@H]([C@@H]1CC[C@]2(C#C)O)CCC4=C3C=CC(=C4)O
528,L-Arabinose,C1[C@@H]([C@@H]([C@H](C(O1)O)O)O)O
529,(-)-Zingiberene,CC1=CC[C@@H](C=C1)[C@@H](C)CCC=C(C)C
525,Curcumene,CC1=CC=C(C=C1)C(C)CCC=C(C)C
530,Turmerone,CC1=CCC(=CC1)[C@@H](C)CC(=O)C=C(C)C
531,Curzerenone,CC1=COC2=C1C(=O)[C@@H]([C@@](C2)(C)C=C)C(=C)C
532,"1,8-Cineole",CC1(C2CCC(O1)(CC2)C)C
533,Malic Acid,C(C(C(=O)O)O)C(=O)O
534,beta-Lactose,C([C@@H]1[C@@H]([C@@H]([C@H]([C@@H](O1)O[C@@H]2[C@H](O[C@H]([C@@H]([C@H]2O)O)O)CO)O)O)O)O
535,Phosphine,[P]
536,Deae-cellulose,C(C1[C@H](C(C(C(O1)O)O)O)O[C@H]2C(C(C(C(O2)CO)O)O)O)O
537,Nitrate,[N+](=O)([O-])[O-]
538,Nicotinic Acid,C1=CC(=CN=C1)C(=O)O
512,L-Aspartic Acid,C([C@@H](C(=O)O)N)C(=O)O
539,L-Glutamic Acid,C(CC(=O)O)[C@@H](C(=O)O)N
540,"4-((3,3-Dimethyloxiran-2-Yl)Methoxy)Furo(3,2-G)Chromen-7-One",CC1(C(O1)COC2=C3C=CC(=O)OC3=CC4=C2C=CO4)C
541,Citric Acid,C(C(=O)O)C(CC(=O)O)(C(=O)O)O
542,L-Tryptophan,C1=CC=C2C(=C1)C(=CN2)C[C@@H](C(=O)O)N
543,Npc214502,CC1C(C(C(C(O1)CO)OC2C(C(C(C(O2)COC3C(C(C(C(O3)CO)OC)O)O)OC4C(C(C(C(O4)CO)OC)O)O)O)O)O)O
544,(-)-Asparagine,C([C@@H](C(=O)O)N)C(=O)N
545,beta-Maltose,C([C@@H]1[C@H]([C@@H]([C@H]([C@H](O1)O[C@@H]2[C@H](O[C@H]([C@@H]([C@H]2O)O)O)CO)O)O)O)O
546,Oxalic Acid,C(=O)(C(=O)O)O
547,Rutin,C[C@H]1[C@@H]([C@H]([C@H]([C@@H](O1)OC[C@@H]2[C@H]([C@@H]([C@H]([C@@H](O2)OC3=C(OC4=CC(=CC(=C4C3=O)O)O)C5=CC(=C(C=C5)O)O)O)O)O)O)O)O
548,Hydrogen Sulfide,[S]
549,"2,3-Dihydroxybutanedioic Acid",C(C(C(=O)O)O)(C(=O)O)O
550,Xanthyletin,CC1(C=CC2=C(O1)C=C3C(=C2)C=CC(=O)O3)C
551,Succinic Acid,C(CC(=O)O)C(=O)O
552,2-Oxoglutaric Acid,C(CC(=O)O)C(=O)C(=O)O
553,1-Methyl-4-Prop-1-En-2-Ylcyclohexene,CC1=CCC(CC1)C(=C)C
554,Elemol,CC(=C)[C@@H]1C[C@@H](CC[C@@]1(C)C=C)C(C)(C)O
555,Xanthoxyletin,CC1(C=CC2=C(O1)C=C3C(=C2OC)C=CC(=O)O3)C
556,L-Lysine,C(CCN)C[C@@H](C(=O)O)N
557,alpha-D-Mannan,C([C@@H]1[C@H]([C@@H]([C@@H]([C@@H](O1)O[C@@H]2[C@H](O[C@H]([C@@H]([C@H]2O)O)O[C@@H]3[C@H](O[C@H]([C@H]([C@H]3O)O)O[C@H]4[C@H](O[C@H]([C@H]([C@H]4O)O)O)CO)CO)CO)O)O)O)O
558,L-Histidine,C1=C(NC=N1)C[C@@H](C(=O)O)N
559,Pyrrolidine,C1CCNC1
560,L-Threonine,C[C@H]([C@@H](C(=O)O)N)O
561,Citronellol,CC(CCC=C(C)C)CCO
562,Zingiberol,C[C@]12CCCC(=C)C1C[C@@H](CC2)C(C)(C)O
563,L-Tyrosine,C1=CC(=CC=C1C[C@@H](C(=O)O)N)O
564,Delphinidin 3-O-glucoside cation,C1=C(C=C(C(=C1O)O)O)C2=[O+]C3=CC(=CC(=C3C=C2O[C@H]4[C@@H]([C@H]([C@@H]([C@H](O4)CO)O)O)O)O)O
565,Decanoic Acid,CCCCCCCCCC(=O)O
566,Raffinose,C([C@@H]1[C@@H]([C@@H]([C@H]([C@H](O1)OC[C@@H]2[C@H]([C@@H]([C@H]([C@H](O2)O[C@]3([C@H]([C@@H]([C@H](O3)CO)O)O)CO)O)O)O)O)O)O)O
567,"2-(3,4-Dihydroxyphenyl)-3,5,7-trihydroxy-1-Benzopyrylium",C1=CC(=C(C=C1C2=[O+]C3=CC(=CC(=C3C=C2O)O)O)O)O
568,beta-Sesquiphellandrene,C[C@@H](CCC=C(C)C)[C@H]1CCC(=C)C=C1
569,Delphinidin Chloride,C1=C(C=C(C(=C1O)O)O)C2=[O+]C3=CC(=CC(=C3C=C2O)O)O.[Cl-]
570,L-Alanine,C[C@@H](C(=O)O)N
571,L-Methionine,CSCC[C@@H](C(=O)O)N
572,Petunidin 3-Glucoside,COC1=CC(=CC(=C1O)O)C2=[O+]C3=CC(=CC(=C3C=C2O[C@H]4[C@@H]([C@H]([C@@H]([C@H](O4)CO)O)O)O)O)O
573,Delphinidin 3-galactoside,C1=C(C=C(C(=C1O)O)O)C2=[O+]C3=CC(=CC(=C3C=C2O[C@H]4[C@@H]([C@H]([C@H]([C@H](O4)CO)O)O)O)O)O.[Cl-]
574,(+)-Ursolic Acid,C[C@@H]1CC[C@@]2(CC[C@@]3(C(=CC[C@H]4[C@]3(CC[C@@H]5[C@@]4(CC[C@@H](C5(C)C)O)C)C)[C@@H]2[C@H]1C)C)C(=O)O
575,L-Isoleucine,CC[C@H](C)[C@@H](C(=O)O)N
576,Camphene,CC1(C2CCC(C2)C1=C)C
577,Glycine,C(C(=O)O)N
578,Quinate,C1[C@H](C([C@@H](CC1(C(=O)O)O)O)O)O
579,Genistin,C1=CC(=CC=C1C2=COC3=CC(=CC(=C3C2=O)O)O[C@H]4[C@@H]([C@H]([C@@H]([C@H](O4)CO)O)O)O)O
580,Daidzin,C1=CC(=CC=C1C2=COC3=C(C2=O)C=CC(=C3)O[C@H]4[C@@H]([C@H]([C@@H]([C@H](O4)CO)O)O)O)O
581,Stearic Acid,CCCCCCCCCCCCCCCCCC(=O)O
582,Fluoride Ion,[F-]
583,Magnesium ion,[Mg+2]
584,Choline,C[N+](C)(C)CCO
585,Catechin,C1[C@@H]([C@H](OC2=CC(=CC(=C21)O)O)C3=CC(=C(C=C3)O)O)O
586,Malonylgenistin,C1=CC(=CC=C1C2=COC3=CC(=CC(=C3C2=O)O)O[C@H]4[C@@H]([C@H]([C@@H]([C@H](O4)COC(=O)CC(=O)O)O)O)O)O
587,(-)-beta-Sitosterol,CC[C@H](CC[C@@H](C)[C@H]1CC[C@@H]2[C@@]1(CC[C@H]3[C@H]2CC=C4[C@@]3(CC[C@@H](C4)O)C)C)C(C)C
588,6'-Sialyllactose,CC(=O)N[C@@H]1[C@H](C[C@@](O[C@H]1[C@@H]([C@@H](CO)O)O)(C(=O)O)OC[C@@H]2[C@@H]([C@@H]([C@H]([C@@H](O2)O[C@H]([C@@H](CO)O)[C@@H]([C@H](C=O)O)O)O)O)O)O
534,alpha-D-lactose,C([C@@H]1[C@@H]([C@@H]([C@H]([C@@H](O1)O[C@@H]2[C@H](O[C@@H]([C@@H]([C@H]2O)O)O)CO)O)O)O)O
589,Sulfide ion,[S-2]
590,Chlorine,ClCl
591,Phosphate,[O-]P(=O)([O-])[O-]
592,Copper,[Cu]
593,Cdp-DG(16:0/18:0),CCCCCCCCCCCCCCCCCC(=O)O[C@H](COC(=O)CCCCCCCCCCCCCCC)COP(=O)(O)OP(=O)(O)OC[C@@H]1[C@@H](C([C@@H](O1)N2C=CC(=NC2=O)N)O)O
594,"Disodium;[3-[2,3-di(octadeca-9,12-dienoyloxy)propoxy-oxidophosphoryl]oxy-2-hydroxypropyl] 2,3-di(octadeca-9,12-dienoyloxy)propyl phosphate",CCCCCC=CCC=CCCCCCCCC(=O)OCC(COP(=O)([O-])OCC(COP(=O)([O-])OCC(COC(=O)CCCCCCCC=CCC=CCCCCC)OC(=O)CCCCCCCC=CCC=CCCCCC)O)OC(=O)CCCCCCCC=CCC=CCCCCC.[Na+].[Na+]
595,1-Palmitoylglycerol 3-phosphate,CCCCCCCCCCCCCCCC(=O)OCC(COP(=O)(O)O)O
596,Cdp-DG(16:0/16:0),CCCCCCCCCCCCCCCC(=O)OC[C@H](COP(=O)(O)OP(=O)(O)OC[C@@H]1[C@@H](C([C@@H](O1)N2C=CC(=NC2=O)N)O)O)OC(=O)CCCCCCCCCCCCCCC
597,Isoamyl Alcohol,CC(C)CCO
598,Glycerol,C(C(CO)O)O
599,Ethyl Acetate,CCOC(=O)C
600,Cadaverine,C(CCN)CCN
601,Isobutanol,CC(C)CO
602,Sorbitol,C([C@H]([C@H]([C@@H]([C@H](CO)O)O)O)O)O
603,2-Methyl-2-butanol,CCC(C)(C)O
604,Putrescine,C(CCN)CN
605,D-Galacturonic Acid,[C@@H]1([C@H]([C@H](OC([C@@H]1O)O)C(=O)O)O)O
606,Gluconic Acid,C([C@H]([C@H]([C@@H]([C@H](C(=O)O)O)O)O)O)O
607,Cholesterol,C[C@H](CCCC(C)C)[C@H]1CC[C@@H]2[C@@]1(CC[C@H]3[C@H]2CC=C4[C@@]3(CC[C@@H](C4)O)C)C
608,Lignin,CC(=O)NC1=C2C(=C(C=C1)S(=O)(=O)[O-])C=C(C(=C2O)N=NC3=CC=CC=C3)S(=O)(=O)[O-].[Na+].[Na+]
609,(-)-Gallocatechin gallate,C1[C@H]([C@@H](OC2=CC(=CC(=C21)O)O)C3=CC(=C(C(=C3)O)O)O)OC(=O)C4=CC(=C(C(=C4)O)O)O
610,Stachyose,C([C@@H]1[C@@H]([C@@H]([C@H]([C@H](O1)OC[C@@H]2[C@@H]([C@@H]([C@H]([C@H](O2)OC[C@@H]3[C@H]([C@@H]([C@H]([C@H](O3)O[C@]4([C@H]([C@@H]([C@H](O4)CO)O)O)CO)O)O)O)O)O)O)O)O)O)O
611,"bis((3R,4S,5S,6R)-2-[[(3S,8S,9S,10R,13R,14S,17R)-17-[(2R,5R)-5-ethyl-6-methylheptan-2-yl]-10,13-dimethyl-2,3,4,7,8,9,11,12,14,15,16,17-dodecahydro-1H-cyclopenta[a]phenanthren-3-yl]oxy]-6-(hydroxymethyl)oxane-3,4,5-triol);(3R,4S,5S,6R)-2-[[(3S,8S,9S,10R,13R,14S,17R)-17-[(2R,5R)-5-ethyl-6-methylhept-6-en-2-yl]-10,13-dimethyl-2,3,4,7,8,9,11,12,14,15,16,17-dodecahydro-1H-cyclopenta[a]phenanthren-3-yl]oxy]-6-(hydroxymethyl)oxane-3,4,5-triol",CC[C@H](CC[C@@H](C)[C@H]1CC[C@@H]2[C@@]1(CC[C@H]3[C@H]2CC=C4[C@@]3(CC[C@@H](C4)OC5[C@@H]([C@H]([C@@H]([C@H](O5)CO)O)O)O)C)C)C(C)C.CC[C@H](CC[C@@H](C)[C@H]1CC[C@@H]2[C@@]1(CC[C@H]3[C@H]2CC=C4[C@@]3(CC[C@@H](C4)OC5[C@@H]([C@H]([C@@H]([C@H](O5)CO)O)O)O)C)C)C(C)C.CC[C@H](CC[C@@H](C)[C@H]1CC[C@@H]2[C@@]1(CC[C@H]3[C@H]2CC=C4[C@@]3(CC[C@@H](C4)OC5[C@@H]([C@H]([C@@H]([C@H](O5)CO)O)O)O)C)C)C(=C)C
612,Theaflavin (Standard),C1[C@H]([C@H](OC2=CC(=CC(=C21)O)O)C3=CC4=C(C(=C(C=C4[C@@H]5[C@@H](CC6=C(C=C(C=C6O5)O)O)O)O)O)C(=O)C(=C3)O)O
613,Hexanal,CCCCCC=O
614,"(1R,2S,4R,5S)-6-[(2R,3R,4S,5S)-3,4,5-trihydroxyoxan-2-yl]oxycyclohexane-1,2,3,4,5-pentol",C1[C@@H]([C@@H]([C@H]([C@H](O1)OC2[C@@H]([C@H](C([C@H]([C@@H]2O)O)O)O)O)O)O)O
615,Epigallocatechin,C1[C@H]([C@H](OC2=CC(=CC(=C21)O)O)C3=CC(=C(C(=C3)O)O)O)O
616,Diosgenin,C[C@@H]1CC[C@@]2([C@H]([C@H]3[C@@H](O2)C[C@@H]4[C@@]3(CC[C@H]5[C@H]4CC=C6[C@@]5(CC[C@@H](C6)O)C)C)C)OC1
617,Epicatechin Gallate,C1[C@H]([C@H](OC2=CC(=CC(=C21)O)O)C3=CC(=C(C=C3)O)O)OC(=O)C4=CC(=C(C(=C4)O)O)O
618,Water,O
619,Ellagic Acid,C1=C2C3=C(C(=C1O)O)OC(=O)C4=CC(=C(C(=C43)OC2=O)O)O
620,Stachyurin,C1C(C(OC(=O)C2=CC(=C(C(=C2C3=C(C(=C(C=C3C(=O)O1)O)O)O)O)O)O)C4C5C(C6=C(C(=C(C(=C6C(=O)O5)C7=C(C(=C(C=C7C(=O)O4)O)O)O)O)O)O)O)OC(=O)C8=CC(=C(C(=C8)O)O)O
621,Luteolin,C1=CC(=C(C=C1C2=CC(=O)C3=C(C=C(C=C3O2)O)O)O)O
622,Ascorbic acid; biotin; cyanocobalamin; dexpanthenol; ergocalciferol; folic acid; niacinamide; pyridoxine hydrochloride; riboflavin 5'-phosphate sodium; thiamine hydrochloride; vitamin A; vitamin E,C1C(N(C2=C(N1)N=C(NC2=O)N)C=O)CNC3=CC=C(C=C3)C(=O)N[C@H](CCC(=O)O)C(=O)O
623,Galloylpunicalin,C1[C@@H]2[C@H]([C@@H]([C@H]([C@@H](O2)O)OC(=O)C3=CC(=C(C(=C3)O)O)O)O)OC(=O)C4=CC(=C(C(=C4C5=C(C(=C6C7=C5C(=O)OC8=C(C(=C(C9=C(C(=C(C=C9C(=O)O1)O)O)O)C(=C78)C(=O)O6)O)O)O)O)O)O)O
624,GlyTouCan:G35236GY,C([C@@H]1[C@H]([C@@H]([C@H]([C@H](O1)O[C@]2([C@H]([C@@H]([C@H](O2)CO)O)O)CO[C@]3([C@H]([C@@H]([C@H](O3)CO)O)O)CO[C@]4([C@H]([C@@H]([C@H](O4)CO)O)O)CO[C@]5([C@H]([C@@H]([C@H](O5)CO)O)O)CO[C@]6([C@H]([C@@H]([C@H](O6)CO)O)O)CO[C@]7([C@H]([C@@H]([C@H](O7)CO)O)O)CO[C@]8([C@H]([C@@H]([C@H](O8)CO)O)O)CO[C@]9([C@H]([C@@H]([C@H](O9)CO)O)O)CO[C@]1([C@H]([C@@H]([C@H](O1)CO)O)O)CO[C@]1([C@H]([C@@H]([C@H](O1)CO)O)O)CO[C@]1([C@H]([C@@H]([C@H](O1)CO)O)O)CO[C@]1([C@H]([C@@H]([C@H](O1)CO)O)O)CO[C@]1([C@H]([C@@H]([C@H](O1)CO)O)O)CO[C@]1([C@H]([C@@H]([C@H](O1)CO)O)O)CO[C@]1([C@H]([C@@H]([C@H](O1)CO)O)O)CO[C@]1([C@H]([C@@H]([C@H](O1)CO)O)O)CO[C@]1([C@H]([C@@H]([C@H](O1)CO)O)O)CO[C@]1([C@H]([C@@H]([C@H](O1)CO)O)O)CO[C@]1([C@H]([C@@H]([C@H](O1)CO)O)O)CO[C@]1([C@H]([C@@H]([C@H](O1)CO)O)O)CO[C@]1([C@H]([C@@H]([C@H](O1)CO)O)O)CO[C@]1([C@H]([C@@H]([C@H](O1)CO)O)O)CO[C@]1([C@H]([C@@H]([C@H](O1)CO)O)O)CO[C@]1([C@H]([C@@H]([C@H](O1)CO)O)O)CO[C@]1([C@H]([C@@H]([C@H](O1)CO)O)O)CO[C@]1([C@H]([C@@H]([C@H](O1)CO)O)O)CO[C@]1([C@H]([C@@H]([C@H](O1)CO)O)O)CO[C@]1([C@H]([C@@H]([C@H](O1)CO)O)O)CO[C@]1([C@H]([C@@H]([C@H](O1)CO)O)O)CO[C@]1([C@H]([C@@H]([C@H](O1)CO)O)O)CO[C@]1([C@H]([C@@H]([C@H](O1)CO)O)O)CO[C@]1([C@H]([C@@H]([C@H](O1)CO)O)O)CO[C@]1([C@H]([C@@H]([C@H](O1)CO)O)O)CO[C@]1([C@H]([C@@H]([C@H](O1)CO)O)O)CO[C@]1([C@H]([C@@H]([C@H](O1)CO)O)O)CO[C@]1([C@H]([C@@H]([C@H](O1)CO)O)O)CO[C@]1([C@H]([C@@H]([C@H](O1)CO)O)O)CO)O)O)O)O
625,Benzoic Acid,C1=CC=C(C=C1)C(=O)O
626,Peonidin 3-arabinoside,COC1=C(C=CC(=C1)C2=[O+]C3=CC(=CC(=C3C=C2O[C@H]4[C@@H]([C@H]([C@H](CO4)O)O)O)O)O)O.[Cl-]
627,4-Hydroxybenzoic Acid,C1=CC(=CC=C1C(=O)O)O
628,Piperidines,C1C(C(C(C([NH2+]1)CO)O)O)O
629,Peonidin 3-galactoside,COC1=C(C=CC(=C1)C2=[O+]C3=CC(=CC(=C3C=C2O[C@H]4[C@@H]([C@H]([C@H]([C@H](O4)CO)O)O)O)O)O)O.[Cl-]
630,Betulinic Acid,CC(=C)[C@@H]1CC[C@]2([C@H]1[C@H]3CC[C@@H]4[C@]5(CC[C@@H](C([C@@H]5CC[C@]4([C@@]3(CC2)C)C)(C)C)O)C)C(=O)O
631,Mannitol,C([C@H]([C@H]([C@@H]([C@@H](CO)O)O)O)O)O
632,"Ethanedioic acid, calcium salt (1:1)",C(=O)(C(=O)[O-])[O-].[Ca+2]
633,"3,4',5,7-Tetrahydroxy-3'-methoxyflavylium",COC1=C(C=CC(=C1)C2=[O+]C3=CC(=CC(=C3C=C2O)O)O)O
634,Hyperoside,C1=CC(=C(C=C1C2=C(C(=O)C3=C(C=C(C=C3O2)O)O)O[C@H]4[C@@H]([C@H]([C@H]([C@H](O4)CO)O)O)O)O)O
635,4-Hydroxyglucobrassicin,C1=CC2=C(C(=C1)O)C(=CN2)CC(=NOS(=O)(=O)O)S[C@H]3[C@@H]([C@H]([C@@H]([C@H](O3)CO)O)O)O
636,Eugenol,COC1=C(C=CC(=C1)CC=C)O
637,Gamma-Terpinene,CC1=CCC(=CC1)C(C)C
638,Allyl Isothiocyanate,C=CCN=C=S
639,Myrcene,CC(=CCCC(=C)C=C)C
640,Invert Sugar,C(C(C(C(C(C=O)O)O)O)O)O.C(C(C(C(C(=O)CO)O)O)O)O
641,Apiole,COC1=C2C(=C(C(=C1)CC=C)OC)OCO2
642,Chrysoeriol 7-O-(6''-malonyl-apiosyl-glucoside),COC1=C(C=CC(=C1)C2=CC(=O)C3=C(C=C(C=C3O2)O[C@H]4[C@@H]([C@H]([C@@H]([C@H](O4)COC(=O)CC(=O)O)O)O)O[C@H]5[C@@H]([C@](CO5)(CO)O)O)O)O
643,p-Cymen-8-ol,CC1=CC=C(C=C1)C(C)(C)O
644,Psoralen,C1=CC(=O)OC2=CC3=C(C=CO3)C=C21
645,Hesperetin,COC1=C(C=C(C=C1)[C@@H]2CC(=O)C3=C(C=C(C=C3O2)O)O)O
646,Terpinolene,CC1=CCC(=C(C)C)CC1
647,Apigenin 7-O-(6''-malonyl-apiosyl-glucoside),C1=CC(=CC=C1C2=CC(=O)C3=C(C=C(C=C3O2)O[C@H]4[C@@H]([C@H]([C@@H]([C@H](O4)CO[C@H]5[C@@H]([C@@H]([C@H](O5)COC(=O)CC(=O)O)O)O)O)O)O)O)O
648,Isorhamnetin,COC1=C(C=CC(=C1)C2=C(C(=O)C3=C(C=C(C=C3O2)O)O)O)O
649,4-Methoxyglucobrassicin,COC1=CC=CC2=C1C(=CN2)CC(=NOS(=O)(=O)O)S[C@H]3[C@@H]([C@H]([C@@H]([C@H](O3)CO)O)O)O
650,Coumarin,C1=CC=C2C(=C1)C=CC(=O)O2
651,4-Vinylguaiacol,COC1=C(C=CC(=C1)C=C)O
652,"Rubber, natural-smoked sheet and latex solids (hevea brasiliensis)",C1=CC(=C(C=C1CON)OP(=O)(O)O)Br
653,Myristicin,COC1=CC(=CC2=C1OCO2)CC=C
654,Imperatorin,CC(=CCOC1=C2C(=CC3=C1OC=C3)C=CC(=O)O2)C
655,Luteolin 7-O-(2-apiosyl-6-malonyl)-glucoside,C1[C@@]([C@H]([C@@H](O1)O[C@@H]2[C@H]([C@@H]([C@H](O[C@H]2OC3=CC(=C4C(=C3)OC(=CC4=O)C5=CC(=C(C=C5)O)O)O)COC(=O)CC(=O)O)O)O)O)(CO)O
656,Bergapten,COC1=C2C=CC(=O)OC2=CC3=C1C=CO3
657,"1-Allyl-2,3,4,5-tetramethoxybenzene",COC1=C(C(=C(C(=C1)CC=C)OC)OC)OC
658,Pseudotaraxasterol,CC1C2C3CCC4C5(CCC(C(C5CCC4(C3(CCC2(CC=C1C)C)C)C)(C)C)O)C
659,"24-Methylene,25-methylcholesta-5-en-3beta-ol",C[C@H](CCC(=C)C(C)(C)C)[C@H]1CC[C@@H]2[C@@]1(CC[C@H]3[C@H]2CC=C4[C@@]3(CC[C@@H](C4)O)C)C
660,Beta-Pinene,CC1(C2CCC(=C)C1C2)C
661,Apigenin,C1=CC(=CC=C1C2=CC(=O)C3=C(C=C(C=C3O2)O)O)O
662,Xylan Sulfate,C1[C@H]([C@@H]([C@H]([C@@H](O1)O[C@@H]2CO[C@H]([C@@H]([C@H]2OS(=O)(=O)O)OS(=O)(=O)O)O)OS(=O)(=O)O)OS(=O)(=O)O)O
663,Methylamine,CN
664,P-Cymene,CC1=CC=C(C=C1)C(C)C
665,L-Glutamine,C(CC(=O)N)[C@@H](C(=O)O)N
666,Lauric Acid,CCCCCCCCCCCC(=O)O
667,(-)-Cystine,C([C@@H](C(=O)O)N)SSC[C@@H](C(=O)O)N
668,Theobromine,CN1C=NC2=C1C(=O)NC(=O)N2C
669,Myristic Acid,CCCCCCCCCCCCCC(=O)O
670,"3,3',4',5,7-Pentahydroxy-5'-methoxyflavylium",COC1=CC(=CC(=C1O)O)C2=[O+]C3=CC(=CC(=C3C=C2O)O)O
671,"Glycerophospholipids, cephalins",CC(=O)OC[C@H](COP(=O)(O)OCCN)OC(=O)C
672,D-Xylose,C1[C@H]([C@@H]([C@H](C(O1)O)O)O)O
673,"(2R,3R,4S,5S)-2,3,4,5-tetrahydroxyhexanal",C[C@@H]([C@@H]([C@H]([C@H](C=O)O)O)O)O
674,Heptanoic Acid,CCCCCCC(=O)O
675,An inositol,C1(C(C(C(C(C1O)O)O)O)O)O
676,Amygdalin,C1=CC=C(C=C1)[C@H](C#N)O[C@H]2[C@@H]([C@H]([C@@H]([C@H](O2)CO[C@H]3[C@@H]([C@H]([C@@H]([C@H](O3)CO)O)O)O)O)O)O
677,Eicosanoic Acid,CCCCCCCCCCCCCCCCCCCC(=O)O
678,Ammonia,N
679,Kaempferol,C1=CC(=CC=C1C2=C(C(=O)C3=C(C=C(C=C3O2)O)O)O)O
680,"Kaempferol 3,7,4'-O-triglucoside",C1=CC(=CC=C1C2=C(C(=O)C3=C(C=C(C=C3O2)O[C@H]4[C@@H]([C@H]([C@@H]([C@H](O4)CO)O)O)O)O)O[C@H]5[C@@H]([C@H]([C@@H]([C@H](O5)CO)O)O)O)O[C@H]6[C@@H]([C@H]([C@@H]([C@H](O6)CO)O)O)O
681,kaempferol 3-O-sophoroside,C1=CC(=CC=C1C2=C(C(=O)C3=C(C=C(C=C3O2)O)O)O[C@H]4[C@@H]([C@H]([C@@H]([C@H](O4)CO)O)O)O[C@H]5[C@@H]([C@H]([C@@H]([C@H](O5)CO)O)O)O)O
682,Nonanoic Acid,CCCCCCCCC(=O)O
683,Hexanoic Acid,CCCCCC(=O)O
684,Butyric Acid,CCCC(=O)O
685,Octanoic Acid,CCCCCCCC(=O)O
686,Npc212957,CC(C)CC(C(=NC(CCC(=N)O)C(=NC(CC(=O)O)C(=NC(CCCCN)C(=O)O)O)O)O)N=C(C(CCC(=O)O)N=C(C(CC(=O)O)N=C(C(CCC(=O)O)N=C(C(C(C)O)N=C(C(CCC(=N)O)N=C(C(CCC(=N)O)N=C(C(CCC(=N)O)N=C(C(CCC(=O)O)N=C(C(CCC(=O)O)N=C(C(COP(=O)(O)O)N=C(C(CCC(=N)O)N=C(C(CC1=CC=CC=C1)N)O)O)O)O)O)O)O)O)O)O)O)O
687,beta-D-glucopyranuronic acid,[C@@H]1([C@@H]([C@H](O[C@H]([C@@H]1O)O)C(=O)O)O)O
688,Eriocitrin,C[C@H]1[C@@H]([C@H]([C@H]([C@@H](O1)OC[C@@H]2[C@H]([C@@H]([C@H]([C@@H](O2)OC3=CC(=C4C(=O)C[C@H](OC4=C3)C5=CC(=C(C=C5)O)O)O)O)O)O)O)O)O
689,D-Lactic Acid,C[C@H](C(=O)O)O
690,Lonicerin,C[C@H]1[C@@H]([C@H]([C@H]([C@@H](O1)O[C@@H]2[C@H]([C@@H]([C@H](O[C@H]2OC3=CC(=C4C(=C3)OC(=CC4=O)C5=CC(=C(C=C5)O)O)O)CO)O)O)O)O)O
533,L-Malic Acid,C([C@@H](C(=O)O)O)C(=O)O
691,"3,5-Dihydroxyphenyl beta-D-glucopyranoside",C1=C(C=C(C=C1O)O[C@H]2[C@@H]([C@H]([C@@H]([C@H](O2)CO)O)O)O)O
692,p-Menth-4(8)-en-3-one,CC1CCC(=C(C)C)C(=O)C1
693,D-Arabitol,C([C@H](C([C@@H](CO)O)O)O)O
694,Narirutin,C[C@H]1[C@@H]([C@H]([C@H]([C@@H](O1)OC[C@@H]2[C@H]([C@@H]([C@H]([C@@H](O2)OC3=CC(=C4C(=O)C[C@H](OC4=C3)C5=CC=C(C=C5)O)O)O)O)O)O)O)O
695,Hesperidin,C[C@H]1[C@@H]([C@H]([C@H]([C@@H](O1)OC[C@@H]2[C@H]([C@@H]([C@H]([C@@H](O2)OC3=CC(=C4C(=O)C[C@H](OC4=C3)C5=CC(=C(C=C5)OC)O)O)O)O)O)O)O)O
696,Menthofuran,CC1CCC2=C(C1)OC=C2C
697,Ethyl Lactate,CCOC(=O)C(C)O
698,Erythritol,C([C@H]([C@H](CO)O)O)O
699,(-)-Menthol,C[C@@H]1CC[C@H]([C@@H](C1)O)C(C)C
700,Myricetin,C1=C(C=C(C(=C1O)O)O)C2=C(C(=O)C3=C(C=C(C=C3O2)O)O)O
701,Pyridoxine,CC1=NC=C(C(=C1O)CO)CO
702,Isorhoifolin,C[C@H]1[C@@H]([C@H]([C@H]([C@@H](O1)OC[C@@H]2[C@H]([C@@H]([C@H]([C@@H](O2)OC3=CC(=C4C(=C3)OC(=CC4=O)C5=CC=C(C=C5)O)O)O)O)O)O)O)O
703,Diosmin,C[C@H]1[C@@H]([C@H]([C@H]([C@@H](O1)OC[C@@H]2[C@H]([C@@H]([C@H]([C@@H](O2)OC3=CC(=C4C(=C3)OC(=CC4=O)C5=CC(=C(C=C5)OC)O)O)O)O)O)O)O)O
704,D-Galactose,C([C@@H]1[C@@H]([C@@H]([C@H](C(O1)O)O)O)O)O
705,"(3b,5a,6b,25R)-3,6-Dihydroxyspirostane-2,12-dione 3-[4'-(2''-glucosyl-3''-xylosyl)-galactoside]",CC1CCC2(C(C3C(O2)CC4C3(C(=O)CC5C4CC(C6C5(CC(=O)C(C6)OC7C(C(C(C(O7)CO)OC8C(C(C(C(O8)CO)O)OC9C(C(C(CO9)O)O)O)OC2C(C(C(C(O2)CO)O)O)O)O)O)C)O)C)C)OC1
706,"(3b,5a,25R)-3-Hydroxyspirostan-6-one 3-[2-acetylarabinosyl-(1->6)-glucoside]",CC1CCC2(C(C3C(O2)CC4C3(CCC5C4CC(=O)C6C5(CCC(C6)OC7C(C(C(C(O7)COC8C(C(C(CO8)O)O)OC(=O)C)O)O)O)C)C)C)OC1
707,"(2a,3b,5a,6a,22R,25R)-Furostane-22-methoxy-2,3,6,26-tetrol 3-[glucosyl-(1->2)-[xylosyl-(1->3)]-glucosyl-(1->4)-galactoside] 26-glucoside",CC1C2C(CC3C2(CCC4C3CC(C5C4(CC(C(C5)OC6C(C(C(C(O6)CO)OC7C(C(C(C(O7)CO)O)OC8C(C(C(CO8)O)O)O)OC9C(C(C(C(O9)CO)O)O)O)O)O)O)C)O)C)OC1(CCC(C)COC1C(C(C(C(O1)CO)O)O)O)OC
708,"(25S)-Spirostane-3b,5b,6a-triol 3-[4''-rhamnosylglucoside]",CC1CCC2(C(C3C(O2)CC4C3(CCC5C4CC(C6(C5(CCC(C6)OC7C(C(C(C(O7)CO)OC8C(C(C(C(O8)C)O)O)O)O)O)C)O)O)C)C)OC1
709,"(3b,5a,6b,22a,25R)-Furostane-22-methoxy-3,6,26-triol 3-[glucosyl-(1->2)-[xylosyl-(1->3)]-glucosyl-(1->4)-galactoside] 26-glucoside",CC1C2C(CC3C2(CCC4C3CC(C5C4(CCC(C5)OC6C(C(C(C(O6)CO)OC7C(C(C(C(O7)CO)O)OC8C(C(C(CO8)O)O)O)OC9C(C(C(C(O9)CO)O)O)O)O)O)C)O)C)OC1(CCC(C)COC1C(C(C(C(O1)CO)O)O)O)OC
710,Levodopa,C1=CC(=C(C=C1C[C@@H](C(=O)O)N)O)O
711,Uridine,C1=CN(C(=O)NC1=O)[C@H]2[C@@H]([C@@H]([C@H](O2)CO)O)O
712,Pipecolic Acid,C1CCNC(C1)C(=O)O
713,Choline Alfoscerate,C[N+](C)(C)CCOP(=O)([O-])OC[C@@H](CO)O
714,Acetylglycine,CC(=O)NCC(=O)O
689,Lactic Acid,CC(C(=O)O)O
715,Pyruvic Acid,CC(=O)C(=O)O
716,Chloride,[Cl-]
689,L-Lactic Acid,C[C@@H](C(=O)O)O
717,O-alpha-D-Glucopyranosyl-(1->4)-O-alpha-D-glucopyranosyl-(1->4)-D-glucopyranose,C([C@@H]1[C@H]([C@@H]([C@H]([C@H](O1)O[C@@H]2[C@H](O[C@@H]([C@@H]([C@H]2O)O)O[C@@H]3[C@H](OC([C@@H]([C@H]3O)O)O)CO)CO)O)O)O)O
718,Vicine,C([C@@H]1[C@H]([C@@H]([C@H]([C@@H](O1)OC2=C(N=C(NC2=O)N)N)O)O)O)O
719,Sulfate Ion,[O-]S(=O)(=O)[O-]
-1,Potassium oxide,[O-2].[K+].[K+]
720,Calcium Oxide,O=[Ca]
721,Pantothenic Acid,CC(C)(CO)[C@H](C(=O)NCCC(=O)O)O
722,Gossypol,CC1=CC2=C(C(=C(C(=C2C(C)C)O)O)C=O)C(=C1C3=C(C4=C(C=C3C)C(=C(C(=C4C=O)O)O)C(C)C)O)O
