0	(R)-Warfarin
1	(S)-Warfarin
2	Abacavir
3	Abaloparatide
4	Abciximab
5	Abemaciclib
6	Abiraterone
7	Abrocitinib
8	Acalabrutinib
9	Acamprosate
10	Acarbose
11	Acebutolol
12	Aceclofenac
13	Acenocoumarol
14	Acepromazine
15	Acetaminophen
16	Acetazolamide
17	Acetohexamide
18	Acetohydroxamic Acid
19	Acetylsalicylic Acid
20	Acitretin
21	Activated Charcoal
22	Acyclovir
23	Adagrasib
24	Adefovir Dipivoxil
25	Adenosine
26	Afatinib
27	Albendazole
28	Alcloxa
29	Alectinib
30	Alendronic Acid
31	Alfacalcidol
32	Alfuzosin
33	Alimemazine
34	Aliskiren
35	Alitretinoin
36	Allopurinol
37	Almasilate
38	Almotriptan
39	Alogliptin
40	Alosetron
41	Alpelisib
42	Alprazolam
43	Alteplase
44	Altretamine
45	Aluminum Hydroxide
46	Alvimopan
47	Amantadine
48	Amediplase
49	Amifampridine
50	Amiloride
51	Amineptine
52	Aminocaproic Acid
53	Aminoglutethimide
54	Aminophylline
55	Aminosalicylic Acid
56	Amiodarone
57	Amisulpride
58	Amitriptyline
59	Amlodipine
60	Amobarbital
61	Amoxapine
62	Amoxicillin
63	Amphetamine
64	Ampicillin
65	Amprenavir
66	Amyl Nitrite
67	Anagrelide
68	Anastrozole
69	Ancrod
70	Anethole Trithione
71	Anileridine
72	Anistreplase
73	Antipyrine
74	Antithrombin Alfa
75	Antithrombin Iii Human
76	Apalutamide
77	Apixaban
78	Apomorphine
79	Apremilast
80	Aprepitant
81	Aprocitentan
82	Ardeparin
83	Argatroban
84	Arimoclomol
85	Aripiprazole
86	Armodafinil
87	Artemether
88	Asciminib
89	Ascorbic Acid
90	Asenapine
91	Astemizole
92	Asunaprevir
93	Atazanavir
94	Atogepant
95	Atomoxetine
96	Atorvastatin
97	Atovaquone
98	Atropine
99	Attapulgite
100	Auranofin
101	Avacopan
102	Avanafil
103	Avapritinib
104	Avatrombopag
105	Avelumab
106	Axitinib
107	Azatadine
108	Azathioprine
109	Azelaic Acid
110	Azelastine
111	Azilsartan Medoxomil
112	Azithromycin
113	Bacampicillin
114	Baclofen
115	Baloxavir Marboxil
116	Balsalazide
117	Baricitinib
118	Bazedoxifene
119	Bedaquiline
120	Belumosudil
121	Belzutifan
122	Bemiparin
123	Bempedoic Acid
124	Benazepril
125	Bendroflumethiazide
126	Benserazide
127	Benzatropine
128	Benzgalantamine
129	Benzhydrocodone
130	Benznidazole
131	Benzonatate
132	Benzphetamine
133	Bepotastine
134	Bepridil
135	Beraprost
136	Berotralstat
137	Betahistine
138	Betaine
139	Betaxolol
140	Bethanechol
141	Betrixaban
142	Bexagliflozin
143	Bexarotene
144	Bezafibrate
145	Bicalutamide
146	Bictegravir
147	Bilastine
148	Binimetinib
149	Biotin
150	Biperiden
151	Bisacodyl
152	Bismuth Subcitrate Potassium
153	Bisoprolol
154	Bivalirudin
155	Boceprevir
156	Bortezomib
157	Bosentan
158	Bosutinib
159	Brentuximab Vedotin
160	Brexanolone
161	Brexpiprazole
162	Brigatinib
163	Brimonidine
164	Brincidofovir
165	Brivaracetam
166	Bromazepam
167	Bromocriptine
168	Bromotheophylline
169	Brompheniramine
170	Budesonide
171	Bumetanide
172	Buprenorphine
173	Bupropion
174	Buspirone
175	Busulfan
176	Butabarbital
177	Butalbital
178	Butorphanol
179	Cabazitaxel
180	Cabergoline
181	Cabotegravir
182	Cabozantinib
183	Calcifediol
184	Calcium Acetate
185	Calcium Carbonate
186	Calcium Citrate
187	Calcium Gluconate
188	Calcium Polycarbophil
189	Camostat
190	Canagliflozin
191	Canakinumab
192	Candesartan Cilexetil
193	Cangrelor
194	Cannabidiol
195	Capecitabine
196	Capivasertib
197	Capmatinib
198	Captopril
199	Carbamazepine
200	Carbenicillin
201	Carbinoxamine
202	Carbocisteine
203	Carboplatin
204	Carglumic Acid
205	Cariprazine
206	Carisoprodol
207	Carmustine
208	Carvedilol
209	Cedazuridine
210	Cefaclor
211	Cefadroxil
212	Cefamandole
213	Cefdinir
214	Cefditoren
215	Cefixime
216	Cefoperazone
217	Cefotetan
218	Cefpodoxime
219	Cefprozil
220	Cefradine
221	Ceftibuten
222	Cefuroxime
223	Celecoxib
224	Celiprolol
225	Cenobamate
226	Centella Asiatica
227	Cephalexin
228	Ceritinib
229	Cerivastatin
230	Certoparin
231	Cetirizine
232	Chloral Hydrate
233	Chlorambucil
234	Chloramphenicol
235	Chlorcyclizine
236	Chlordiazepoxide
237	Chlorhexidine
238	Chloroquine
239	Chlorpheniramine
240	Chlorpromazine
241	Chlorpropamide
242	Chlorprothixene
243	Chlorthalidone
244	Chlorzoxazone
245	Cholestyramine
246	Cholic Acid
247	Choline C-11
248	Chromic Chloride
249	Chromium
250	Chromium Nicotinate
251	Chromium Picolinate
252	Chymotrypsin
253	Cilazapril
254	Cilostazol
255	Cimetidine
256	Cinacalcet
257	Cinolazepam
258	Ciprofloxacin
259	Cisapride
260	Cisplatin
261	Citalopram
262	Cladribine
263	Clarithromycin
264	Clavulanic Acid
265	Clemastine
266	Clidinium
267	Clindamycin
268	Clobazam
269	Clodronic Acid
270	Clofarabine
271	Clofazimine
272	Clofedanol
273	Clofibrate
274	Clomifene
275	Clomipramine
276	Clonazepam
277	Clonidine
278	Clopidogrel
279	Clorazepic Acid
280	Clorindione
281	Cloxacillin
282	Cloxazolam
283	Clozapine
284	Cobicistat
285	Cobimetinib
286	Cocarboxylase
287	Codeine
288	Coenzyme M
289	Colchicine
290	Colesevelam
291	Colestipol
292	Conjugated Estrogens
293	Copanlisib
294	Copper Oxodotreotide Cu-64
295	Cortisone Acetate
296	Coumarin
297	Crizotinib
298	Crofelemer
299	Cromoglicic Acid
300	Cyanocobalamin
301	Cyclandelate
302	Cyclizine
303	Cyclobenzaprine
304	Cyclophosphamide
305	Cycloserine
306	Cyclosporine
307	Cyproheptadine
308	Cyproterone Acetate
309	Cysteamine
310	Dabigatran
311	Dabigatran Etexilate
312	Dabrafenib
313	Dacarbazine
314	Daclatasvir
315	Dacomitinib
316	Dalfampridine
317	Dalteparin
318	Danaparoid
319	Danazol
320	Danicopan
321	Dantrolene
322	Dapagliflozin
323	Daprodustat
324	Dapsone
325	Darbepoetin Alfa
326	Darexaban
327	Daridorexant
328	Darifenacin
329	Darolutamide
330	Darunavir
331	Dasabuvir
332	Dasatinib
333	Debrisoquine
334	Deferasirox
335	Deferiprone
336	Defibrotide
337	Deflazacort
338	Delafloxacin
339	Delamanid
340	Delavirdine
341	Demeclocycline
342	Denosumab
343	Desipramine
344	Desirudin
345	Desloratadine
346	Desmoteplase
347	Desvenlafaxine
348	Deucravacitinib
349	Deuruxolitinib
350	Deutetrabenazine
351	Dexamethasone
352	Dexbrompheniramine
353	Dexchlorpheniramine Maleate
354	Dexfenfluramine
355	Dexlansoprazole
356	Dexmethylphenidate
357	Dextran
358	Dextroamphetamine
359	Dextromethorphan
360	Dextropropoxyphene
361	Dextrothyroxine
362	Diamorphine
363	Diazepam
364	Dichloralphenazone
365	Diclofenac
366	Diclofenamide
367	Dicloxacillin
368	Dicoumarol
369	Dicyclomine
370	Didanosine
371	Dienogest
372	Diethylcarbamazine
373	Diethylpropion
374	Difelikefalin
375	Difenoxin
376	Diflunisal
377	Digitoxin
378	Digoxin
379	Dihydrocodeine
380	Dihydroergotamine
381	Diiodohydroxyquinoline
382	Diltiazem
383	Dimenhydrinate
384	Dimethyl Fumarate
385	Diosmin
386	Diphenadione
387	Diphenhydramine
388	Diphenoxylate
389	Dipyridamole
390	Diroximel Fumarate
391	Disopyramide
392	Disulfiram
393	Ditazole
394	Docetaxel
395	Dofetilide
396	Dolasetron
397	Dolutegravir
398	Domperidone
399	Donepezil
400	Doravirine
401	Doxazosin
402	Doxepin
403	Doxercalciferol
404	Doxorubicin
405	Doxycycline
406	Doxylamine
407	Dronabinol
408	Dronedarone
409	Drospirenone
410	Drotrecogin Alfa
411	Droxidopa
412	Dulaglutide
413	Duloxetine
414	Dutasteride
415	Duvelisib
416	Dyclonine
417	Ebastine
418	Edaravone
419	Edetic Acid
420	Edoxaban
421	Efavirenz
422	Eflornithine
423	Elacestrant
424	Elafibranor
425	Elagolix
426	Elbasvir
427	Eletriptan
428	Elexacaftor
429	Eliglustat
430	Eltrombopag
431	Eluxadoline
432	Elvitegravir
433	Empagliflozin
434	Emtricitabine
435	Enalapril
436	Enasidenib
437	Encorafenib
438	Enoxaparin
439	Entacapone
440	Entecavir
441	Entrectinib
442	Enzalutamide
443	Epirubicin
444	Eplerenone
445	Eplontersen
446	Epoprostenol
447	Eprosartan
448	Eptifibatide
449	Eravacycline
450	Erdafitinib
451	Ergoloid Mesylate
452	Ergotamine
453	Erlotinib
454	Ertugliflozin
455	Erythrityl Tetranitrate
456	Erythromycin
457	Erythropoietin
458	Escitalopram
459	Esketamine
460	Eslicarbazepine Acetate
461	Esomeprazole
462	Estazolam
463	Esterified Estrogens
464	Estetrol
465	Estradiol Acetate
466	Estradiol Cypionate
467	Estradiol Valerate
468	Estramustine
469	Estrone
470	Estrone Sulfate
471	Eszopiclone
472	Etacrynic Acid
473	Etafedrine
474	Ethambutol
475	Ethchlorvynol
476	Ethinylestradiol
477	Ethionamide
478	Ethosuximide
479	Ethotoin
480	Ethyl Biscoumacetate
481	Etidronic Acid
482	Etodolac
483	Etonogestrel
484	Etoposide
485	Etoricoxib
486	Etrasimod
487	Etravirine
488	Etretinate
489	Everolimus
490	Exemestane
491	Exenatide
492	Ezetimibe
493	Ezogabine
494	Famciclovir
495	Famotidine
496	Febuxostat
497	Fecal Microbiota
498	Fedratinib
499	Felbamate
500	Felodipine
501	Fenfluramine
502	Fenofibrate
503	Fenofibric Acid
504	Fenoldopam
505	Fenoprofen
506	Fenoterol
507	Fentanyl
508	Ferric Cation
509	Ferric Maltol
510	Ferrous Ascorbate
511	Ferrous Fumarate
512	Ferrous Gluconate
513	Ferrous Sulfate Anhydrous
514	Ferulic Acid
515	Fesoterodine
516	Fexinidazole
517	Fexofenadine
518	Fidanacogene Elaparvovec
519	Fidaxomicin
520	Finasteride
521	Finerenone
522	Fingolimod
523	Flavin Adenine Dinucleotide
524	Flavin Mononucleotide
525	Flavoxate
526	Flecainide
527	Fleroxacin
528	Flibanserin
529	Floctafenine
530	Flucloxacillin
531	Fluconazole
532	Fludarabine
533	Fludeoxyglucose (18F)
534	Fludiazepam
535	Fludrocortisone
536	Fluindione
537	Flumazenil
538	Flunarizine
539	Flunitrazepam
540	Fluorodopa (18F)
541	Fluoxetine
542	Fluoxymesterone
543	Flupentixol
544	Fluphenazine
545	Flurazepam
546	Flurbiprofen
547	Fluspirilene
548	Flutamide
549	Fluvastatin
550	Fluvoxamine
551	Fomepizole
552	Fondaparinux
553	Fosamprenavir
554	Fosaprepitant
555	Fosfomycin
556	Fosinopril
557	Fosnetupitant
558	Fosphenytoin
559	Fostamatinib
560	Fostemsavir
561	Frovatriptan
562	Fruquintinib
563	Furosemide
564	Fusidic Acid
565	Futibatinib
566	Gw-813893
567	Gabapentin
568	Gabapentin Enacarbil
569	Gabexate
570	Galantamine
571	Galcanezumab
572	Ganaxolone
573	Ganciclovir
574	Gatifloxacin
575	Gefapixant
576	Gefitinib
577	Gemfibrozil
578	Gemifloxacin
579	Gepirone
580	Gilteritinib
581	Gimeracil
582	Ginkgo Biloba
583	Givinostat
584	Glasdegib
585	Glecaprevir
586	Gliclazide
587	Glimepiride
588	Glipizide
589	Glutethimide
590	Glyburide
591	Glycerol Phenylbutyrate
592	Glycopyrronium
593	Granisetron
594	Grazoprevir
595	Grepafloxacin
596	Griseofulvin
597	Guaifenesin
598	Guanethidine
599	Guanfacine
600	Halofantrine
601	Haloperidol
602	Heparin
603	Hydralazine
604	Hydrochlorothiazide
605	Hydrocodone
606	Hydrocortisone
607	Hydroflumethiazide
608	Hydrogen Fluoride
609	Hydromorphone
610	Hydroxychloroquine
611	Hydroxyurea
612	Hydroxyzine
613	Hyoscyamine
614	Ibandronate
615	Ibrexafungerp
616	Ibritumomab Tiuxetan
617	Ibrutinib
618	Ibuprofen
619	Icosapent Ethyl
620	Idebenone
621	Idelalisib
622	Idraparinux
623	Ifosfamide
624	Iloperidone
625	Iloprost
626	Imatinib
627	Imipramine
628	Imiquimod
629	Inavolisib
630	Indapamide
631	Indinavir
632	Indium In-111 Chloride
633	Indium In-111 Pentetreotide
634	Indomethacin
635	Infigratinib
636	Ingenol Mebutate
637	Inotersen
638	Insulin Aspart
639	Insulin Degludec
640	Insulin Detemir
641	Insulin Glulisine
642	Insulin Human
643	Insulin Icodec
644	Insulin Pork
645	Interferon Alfa-2A
646	Interferon Alfa-2B
647	Interferon Alfa-N1
648	Interferon Beta-1A
649	Interferon Beta-1B
650	Interferon Gamma-1B
651	Iodide I-123
652	Iodide I-131
653	Iodine
654	Ioflupane I-123
655	Iothalamic Acid
656	Ioxaglic Acid
657	Irbesartan
658	Iron
659	Iron Sucrose
660	Isavuconazole
661	Isavuconazonium
662	Isocarboxazid
663	Isoniazid
664	Isosorbide Dinitrate
665	Isosorbide Mononitrate
666	Isotretinoin
667	Isradipine
668	Istradefylline
669	Itraconazole
670	Ivabradine
671	Ivacaftor
672	Ivermectin
673	Ivosidenib
674	Ixabepilone
675	Ixazomib
676	Ketamine
677	Ketazolam
678	Ketoconazole
679	Ketoprofen
680	Ketorolac
681	Ketotifen
682	L-Acetylleucine
683	L-Glutamine
684	Labetalol
685	Lacosamide
686	Lactitol
687	Lactulose
688	Lamivudine
689	Lamotrigine
690	Lansoprazole
691	Lanthanum Carbonate
692	Lapatinib
693	Larotrectinib
694	Lasmiditan
695	Lazertinib
696	Ledipasvir
697	Lefamulin
698	Leflunomide
699	Lemborexant
700	Lenacapavir
701	Lenalidomide
702	Leniolisib
703	Lenvatinib
704	Lepirudin
705	Lercanidipine
706	Lesinurad
707	Letaxaban
708	Letermovir
709	Letrozole
710	Levamisole
711	Levamlodipine
712	Levetiracetam
713	Levocarnitine
714	Levocetirizine
715	Levodopa
716	Levofloxacin
717	Levoketoconazole
718	Levomefolic Acid
719	Levomilnacipran
720	Levonorgestrel
721	Levorphanol
722	Levothyroxine
723	Linaclotide
724	Linagliptin
725	Lindane
726	Linezolid
727	Linzagolix
728	Liothyronine
729	Liotrix
730	Liraglutide
731	Lisdexamfetamine
732	Lisinopril
733	Lithium Carbonate
734	Lithium Citrate
735	Lixisenatide
736	Lofexidine
737	Lomefloxacin
738	Lomitapide
739	Lonafarnib
740	Lopinavir
741	Loracarbef
742	Lorazepam
743	Lorcaserin
744	Lorlatinib
745	Losartan
746	Lovastatin
747	Loxapine
748	Loxoprofen
749	Lubiprostone
750	Lumacaftor
751	Lumateperone
752	Lumefantrine
753	Lumiracoxib
754	Lurasidone
755	Lusutrombopag
756	Lutein
757	Lymecycline
758	Macimorelin
759	Macitentan
760	Magaldrate
761	Magnesium
762	Magnesium Ascorbate
763	Magnesium Chloride
764	Magnesium Citrate
765	Magnesium Glycinate
766	Magnesium Oxide
767	Maprotiline
768	Maralixibat
769	Maraviroc
770	Maribavir
771	Mavorixafor
772	Mazindol
773	Mebendazole
774	Mecamylamine
775	Mecasermin
776	Mecasermin Rinfabate
777	Meclizine
778	Meclofenamic Acid
779	Medroxyprogesterone Acetate
780	Mefenamic Acid
781	Mefloquine
782	Megestrol Acetate
783	Melagatran
784	Melatonin
785	Meloxicam
786	Memantine
787	Meperidine
788	Meprobamate
789	Mepyramine
790	Mercaptopurine
791	Mesalazine
792	Mesoridazine
793	Metaxalone
794	Metformin
795	Methacholine
796	Methadone
797	Methazolamide
798	Methenamine
799	Methionine
800	Methocarbamol
801	Methohexital
802	Methotrexate
803	Methotrimeprazine
804	Methoxsalen
805	Methoxyflurane
806	Methscopolamine Bromide
807	Methsuximide
808	Methylcellulose
809	Methyldopa
810	Methylergometrine
811	Methylnaltrexone
812	Methylphenidate
813	Methylprednisolone
814	Methyprylon
815	Methysergide
816	Metoclopramide
817	Metolazone
818	Metoprolol
819	Metreleptin
820	Metronidazole
821	Metyrapone
822	Metyrosine
823	Mevastatin
824	Mexiletine
825	Midazolam
826	Midodrine
827	Midostaurin
828	Mifepristone
829	Migalastat
830	Miglitol
831	Miglustat
832	Milnacipran
833	Miltefosine
834	Minocycline
835	Minoxidil
836	Mipomersen
837	Mirabegron
838	Mirtazapine
839	Misoprostol
840	Mitapivat
841	Mitotane
842	Mobocertinib
843	Moclobemide
844	Modafinil
845	Moexipril
846	Molindone
847	Molnupiravir
848	Momelotinib
849	Monopotassium Phosphate
850	Montelukast
851	Monteplase
852	Morphine
853	Moxidectin
854	Moxifloxacin
855	Mycophenolate Mofetil
856	Mycophenolic Acid
857	Nabilone
858	Nabumetone
859	Nadolol
860	Nadroparin
861	Nafamostat
862	Nafarelin
863	Nafcillin
864	Naftazone
865	Nalbuphine
866	Naldemedine
867	Nalidixic Acid
868	Nalmefene
869	Naloxegol
870	Naloxone
871	Naltrexone
872	Naproxen
873	Naratriptan
874	Nateglinide
875	Nebivolol
876	Nefazodone
877	Nelfinavir
878	Neratinib
879	Netupitant
880	Nevirapine
881	Niacin
882	Nicardipine
883	Nicotine
884	Nifedipine
885	Nifurtimox
886	Nilotinib
887	Nilutamide
888	Nilvadipine
889	Nimodipine
890	Nintedanib
891	Niraparib
892	Nirmatrelvir
893	Nirogacestat
894	Nisoldipine
895	Nitazoxanide
896	Nitisinone
897	Nitrazepam
898	Nitrendipine
899	Nitrofurantoin
900	Nitroglycerin
901	Nizatidine
902	Norethisterone
903	Norfloxacin
904	Norgestimate
905	Norgestrel
906	Normethadone
907	Nortriptyline
908	Nylidrin
909	Obeticholic Acid
910	Obinutuzumab
911	Octreotide
912	Odevixibat
913	Ofloxacin
914	Olanzapine
915	Olaparib
916	Olmesartan
917	Olsalazine
918	Olutasidenib
919	Omadacycline
920	Omaveloxolone
921	Ombitasvir
922	Omega-3-Acid Ethyl Esters
923	Omega-3-Carboxylic Acids
924	Omeprazole
925	Ondansetron
926	Opicapone
927	Opium
928	Orciprenaline
929	Orlistat
930	Orphenadrine
931	Oseltamivir
932	Osilodrostat
933	Osimertinib
934	Ospemifene
935	Otamixaban
936	Oteracil
937	Oteseconazole
938	Ox Bile Extract
939	Oxaprozin
940	Oxatomide
941	Oxazepam
942	Oxcarbazepine
943	Oxilofrine
944	Oxprenolol
945	Oxtriphylline
946	Oxybutynin
947	Oxycodone
948	Oxymorphone
949	Oxyphenbutazone
950	Oxytetracycline
951	Ozanimod
952	Paclitaxel
953	Pacritinib
954	Palbociclib
955	Paliperidone
956	Palonosetron
957	Palovarotene
958	Pancrelipase
959	Pancrelipase Amylase
960	Pancrelipase Lipase
961	Pancrelipase Protease
962	Panobinostat
963	Pantoprazole
964	Pargyline
965	Paricalcitol
966	Paritaprevir
967	Parnaparin
968	Paromomycin
969	Paroxetine
970	Patiromer
971	Pazopanib
972	Pegaspargase
973	Peginterferon Alfa-2A
974	Peginterferon Alfa-2B
975	Pemetrexed
976	Pemigatinib
977	Pemoline
978	Penicillamine
979	Pentaerythritol Tetranitrate
980	Pentazocine
981	Pentosan Polysulfate
982	Pentoxifylline
983	Pentoxyverine
984	Pepsin
985	Perampanel
986	Pergolide
987	Periciazine
988	Perindopril
989	Perphenazine
990	Pexidartinib
991	Phenacemide
992	Phenazopyridine
993	Phendimetrazine
994	Phenelzine
995	Phenindamine
996	Phenindione
997	Phenobarbital
998	Phenoxymethylpenicillin
999	Phenprocoumon
1000	Phentermine
1001	Phenylbutazone
1002	Phenylbutyric Acid
1003	Phenylpropanolamine
1004	Phenytoin
1005	Pibrentasvir
1006	Picosulfuric Acid
1007	Pilocarpine
1008	Pimavanserin
1009	Pimozide
1010	Pinaverium
1011	Pindolol
1012	Pioglitazone
1013	Piperazine
1014	Pipotiazine
1015	Pirenzepine
1016	Pirfenidone
1017	Piroxicam
1018	Pirtobrutinib
1019	Pitavastatin
1020	Pitolisant
1021	Pivampicillin
1022	Pivmecillinam
1023	Pizotifen
1024	Plantago Seed
1025	Plecanatide
1026	Polatuzumab Vedotin
1027	Polyethylene Glycol
1028	Polythiazide
1029	Pomalidomide
1030	Ponatinib
1031	Ponesimod
1032	Posaconazole
1033	Potassium Bicarbonate
1034	Potassium Chloride
1035	Potassium Citrate
1036	Practolol
1037	Pralsetinib
1038	Pramipexole
1039	Pramlintide
1040	Prasugrel
1041	Pravastatin
1042	Prazepam
1043	Praziquantel
1044	Prazosin
1045	Prednisolone
1046	Prednisolone Acetate
1047	Prednisolone Phosphate
1048	Prednisone
1049	Pregabalin
1050	Pretomanid
1051	Prilocaine
1052	Primaquine
1053	Primidone
1054	Probenecid
1055	Probucol
1056	Procainamide
1057	Procarbazine
1058	Procaterol
1059	Prochlorperazine
1060	Procyclidine
1061	Progesterone
1062	Proguanil
1063	Promazine
1064	Promethazine
1065	Propafenone
1066	Propantheline
1067	Propiverine
1068	Propranolol
1069	Propylthiouracil
1070	Protein C
1071	Protein S Human
1072	Protirelin
1073	Prucalopride
1074	Pseudoephedrine
1075	Pyrazinamide
1076	Pyridostigmine
1077	Pyrimethamine
1078	Quazepam
1079	Quetiapine
1080	Quinagolide
1081	Quinapril
1082	Quinethazone
1083	Quinidine
1084	Quinine
1085	Quizartinib
1086	Rabeprazole
1087	Racepinephrine
1088	Radium Ra 223 Dichloride
1089	Raloxifene
1090	Raltegravir
1091	Ramelteon
1092	Ramipril
1093	Ranitidine
1094	Ranolazine
1095	Rasagiline
1096	Rebamipide
1097	Regadenoson
1098	Regorafenib
1099	Relugolix
1100	Remifentanil
1101	Remimazolam
1102	Repaglinide
1103	Repotrectinib
1104	Reserpine
1105	Resmetirom
1106	Reteplase
1107	Reviparin
1108	Revumenib
1109	Ribavirin
1110	Ribociclib
1111	Rifabutin
1112	Rifampin
1113	Rifamycin
1114	Rifapentine
1115	Rifaximin
1116	Rilmenidine
1117	Rilpivirine
1118	Riluzole
1119	Rimegepant
1120	Riociguat
1121	Ripretinib
1122	Risdiplam
1123	Risedronic Acid
1124	Risperidone
1125	Ritlecitinib
1126	Ritonavir
1127	Rivaroxaban
1128	Rivastigmine
1129	Rizatriptan
1130	Rofecoxib
1131	Roflumilast
1132	Rolapitant
1133	Rolitetracycline
1134	Romidepsin
1135	Romosozumab
1136	Ropinirole
1137	Rosiglitazone
1138	Rosuvastatin
1139	Roxadustat
1140	Rucaparib
1141	Rufinamide
1142	Rupatadine
1143	Ruxolitinib
1144	Safinamide
1145	Salmon Calcitonin
1146	Salsalate
1147	Samidorphan
1148	Sapropterin
1149	Saquinavir
1150	Sarecycline
1151	Saruplase
1152	Saxagliptin
1153	Scopolamine
1154	Secnidazole
1155	Secobarbital
1156	Segesterone Acetate
1157	Seladelpar
1158	Selegiline
1159	Selinexor
1160	Selpercatinib
1161	Selumetinib
1162	Semaglutide
1163	Semuloparin
1164	Sennosides
1165	Serdexmethylphenidate
1166	Sertraline
1167	Sevelamer
1168	Sildenafil
1169	Silicon
1170	Silodosin
1171	Silodrate
1172	Simeprevir
1173	Simethicone
1174	Simvastatin
1175	Siponimod
1176	Sirolimus
1177	Sitagliptin
1178	Sitaxentan
1179	Sodium Bicarbonate
1180	Sodium Citrate
1181	Sodium Feredetate
1182	Sodium Fluoride
1183	Sodium Lauryl Sulfate
1184	Sodium Oxybate
1185	Sodium Phosphate, Dibasic
1186	Sodium Phosphate, Dibasic, Unspecified Form
1187	Sodium Phosphate, Monobasic, Unspecified Form
1188	Sofosbuvir
1189	Solifenacin
1190	Solriamfetol
1191	Sonidegib
1192	Sorafenib
1193	Sotagliflozin
1194	Sotalol
1195	Sotorasib
1196	Spaglumic Acid
1197	Sparsentan
1198	Spinosad
1199	Spiramycin
1200	Spirapril
1201	Spironolactone
1202	Stavudine
1203	Stiripentol
1204	Streptokinase
1205	Strontium Ranelate
1206	Succimer
1207	Sucralfate
1208	Sufentanil
1209	Sulfadoxine
1210	Sulfamethizole
1211	Sulfasalazine
1212	Sulfinpyr
1213	Sulindac
1214	Sulodexide
1215	Sulopenem Etzadroxil
1216	Sulpiride
1217	Sulthiame
1218	Sumatriptan
1219	Sunitinib
1220	Suvorexant
1221	Synthetic Conjugated Estrogens1201,Spironolactone,pharmaceutical,
1222,Synthetic Conjugated Estrogens
1222	Tacrine
1223	Tacrolimus
1224	Tadalafil
1225	Tafamidis
1226	Tafenoquine
1227	Talazoparib
1228	Taliglucerase Alfa
1229	Tamoxifen
1230	Tamsulosin
1231	Tapentadol
1232	Tasimelteon
1233	Tazemetostat
1234	Technetium Tc-99M Disofenin
1235	Technetium Tc-99M Mebrofenin
1236	Technetium Tc-99M Medronate
1237	Technetium Tc-99M Sulfur Colloid
1238	Tecovirimat
1239	Tedizolid Phosphate
1240	Tegafur
1241	Tegaserod
1242	Telaprevir
1243	Telbivudine
1244	Telithromycin
1245	Telmisartan
1246	Telotristat Ethyl
1247	Temazepam
1248	Temozolomide
1249	Temsirolimus
1250	Tenapanor
1251	Tenecteplase
1252	Teniposide
1253	Tenofovir
1254	Tenofovir Alafenamide
1255	Tenofovir Disoproxil
1256	Tenoxicam
1257	Tepotinib
1258	Terazosin
1259	Terbinafine
1260	Terfenadine
1261	Teriflunomide
1262	Teriparatide
1263	Testosterone Undecanoate
1264	Tetrabenazine
1265	Tetracycline
1266	Tetraferric Tricitrate Decahydrate
1267	Tetrofosmin
1268	Tezacaftor
1269	Thalidomide
1270	Theophylline
1271	Thiethylperazine
1272	Thiopental
1273	Thioproperazine
1274	Thioridazine
1275	Thiotepa
1276	Thiothixene
1277	Tiagabine
1278	Tianeptine
1279	Tiaprofenic Acid
1280	Tibolone
1281	Ticagrelor
1282	Ticlopidine
1283	Tilactase
1284	Tiludronic Acid
1285	Tinidazole
1286	Tinzaparin
1287	Tioclomarol
1288	Tioguanine
1289	Tiopronin
1290	Tiotropium
1291	Tipiracil
1292	Tipranavir
1293	Tirzepatide
1294	Tivozanib
1295	Tizanidine
1296	Tocopherylquinone
1297	Tofacitinib
1298	Tolazamide
1299	Tolbutamide
1300	Tolcapone
1301	Tolevamer
1302	Tolmetin
1303	Tolterodine
1304	Tolvaptan
1305	Topiramate
1306	Topotecan
1307	Torasemide
1308	Toremifene
1309	Tovorafenib
1310	Trabectedin
1311	Tramadol
1312	Trametinib
1313	Trandolapril
1314	Tranexamic Acid
1315	Tranylcypromine
1316	Trastuzumab Emtansine
1317	Trazodone
1318	Treprostinil
1319	Tretinoin
1320	Triamterene
1321	Triazavirin
1322	Triazolam
1323	Triclabendazole
1324	Triethylenetetramine
1325	Trifluoperazine
1326	Trifluridine
1327	Triflusal
1328	Triheptanoin
1329	Trihexyphenidyl
1330	Trimebutine
1331	Trimetazidine
1332	Trimethadione
1333	Trimethobenzamide
1334	Trimipramine
1335	Trioxsalen
1336	Triprolidine
1337	Trofinetide
1338	Tropisetron
1339	Trospium
1340	Trovafloxacin
1341	Tucatinib
1342	Ubidecarenone
1343	Ubrogepant
1344	Ulipristal
1345	Umbralisib
1346	Upadacitinib
1347	Urea C-13
1348	Urea C-14
1349	Uridine Triacetate
1350	Urokinase
1351	Ursodeoxycholic Acid
1352	Vadadustat
1353	Valaciclovir
1354	Valbenazine
1355	Valdecoxib
1356	Valganciclovir
1357	Valoctocogene Roxaparvovec
1358	Valproic Acid
1359	Valsartan
1360	Vamorolone
1361	Vancomycin
1362	Vandetanib
1363	Vardenafil
1364	Varenicline
1365	Velpatasvir
1366	Vemurafenib
1367	Venetoclax
1368	Venlafaxine
1369	Verapamil
1370	Vericiguat
1371	Vibegron
1372	Vibrio Cholerae Cvd 103-Hgr Strain Live Antigen
1373	Vigabatrin
1374	Vilazodone
1375	Vildagliptin
1376	Viloxazine
1377	Vinblastine
1378	Vincristine
1379	Vindesine
1380	Vinflunine
1381	Vinorelbine
1382	Vismodegib
1383	Vitamin D
1384	Vitamin E
1385	Voclosporin
1386	Vonoprazan
1387	Vorapaxar
1388	Vorasidenib
1389	Voriconazole
1390	Vorinostat
1391	Vortioxetine
1392	Vosoritide
1393	Voxelotor
1394	Voxilaprevir
1395	Warfarin
1396	Xanomeline
1397	Ximelagatran
1398	Yohimbine
1399	Zafirlukast
1400	Zalcitabine
1401	Zaleplon
1402	Zanubrutinib
1403	Zeaxanthin
1404	Ziconotide
1405	Zidovudine
1406	Zileuton
1407	Zinc
1408	Zinc Acetate
1409	Zinc Ascorbate
1410	Zinc Citrate
1411	Zinc Gluconate
1412	Zinc Oxide
1413	Zinc Sulfate
1414	Zinc Sulfate, Unspecified Form
1415	Ziprasidone
1416	Zolmitriptan
1417	Zolpidem
1418	Zonisamide
1419	Zopiclone
1420	Zuclopenthixol
1421	Zuranolone
1422	(+)-ursolic acid
1423	(-)-alpha-curcumene
1424	(-)-asparagine
1425	(-)-beta-sitosterol
1426	(-)-cystine
1427	(-)-gallocatechin gallate
1428	(-)-menthol
1429	(-)-zingiberene
1430	(1r,2s,4r,5s)-6-[(2r,3r,4s,5s)-3,4,5-trihydroxyoxan-2-yl]oxycyclohexane-1,2,3,4,5-pentol
1431	(25s)-spirostane-3b,5b,6a-triol 3-[4''-rhamnosylglucoside]
1432	(2a,3b,5a,6a,22r,25r)-furostane-22-methoxy-2,3,6,26-tetrol 3-[glucosyl-(1->2)-[xylosyl-(1->3)]-glucosyl-(1->4)-galactoside] 26-glucoside
1433	(2r,3r,4s,5s)-2,3,4,5-tetrahydroxyhexanal
1434	(3b,5a,25r)-3-hydroxyspirostan-6-one 3-[2-acetylarabinosyl-(1->6)-glucoside]
1435	(3b,5a,6b,22a,25r)-furostane-22-methoxy-3,6,26-triol 3-[glucosyl-(1->2)-[xylosyl-(1->3)]-glucosyl-(1->4)-galactoside] 26-glucoside
1436	(3b,5a,6b,25r)-3,6-dihydroxyspirostane-2,12-dione 3-[4'-(2''-glucosyl-3''-xylosyl)-galactoside]
1437	1,8-cineole
1438	1-allyl-2,3,4,5-tetramethoxybenzene
1439	1-methyl-4-(6-methylhept-6-en-2-yl)cyclohexa-1,4-diene
1440	1-methyl-4-prop-1-en-2-ylcyclohexene
1441	1-palmitoylglycerol 3-phosphate
1442	2,3-dihydroxybutanedioic acid
1443	2-(3,4-dihydroxyphenyl)-3,5,7-trihydroxy-1-benzopyrylium
1444	2-methyl-2-butanol
1445	2-oxoglutaric acid
1446	24-methylene,25-methylcholesta-5-en-3beta-ol
1447	3,3',4',5,7-pentahydroxy-5'-methoxyflavylium
1448	3,4',5,7-tetrahydroxy-3'-methoxyflavylium
1449	3,5-dihydroxyphenyl beta-d-glucopyranoside
1450	4-((3,3-dimethyloxiran-2-yl)methoxy)furo(3,2-g)chromen-7-one
1451	4-hydroxybenzoic acid
1452	4-hydroxyglucobrassicin
1453	4-methoxyglucobrassicin
1454	4-vinylguaiacol
1455	6'-sialyllactose
1456	acetic acid
1457	acetylglycine
1458	allyl isothiocyanate
1459	alpha-d-lactose
1460	alpha-d-mannan
1461	ammonia
1462	amygdalin
1463	an inositol
1464	apigenin
1465	apigenin 7-o-(6''-malonyl-apiosyl-glucoside)
1466	apiole
1467	arbutin
1468	ascorbic acid; biotin; cyanocobalamin; dexpanthenol; ergocalciferol; folic acid; niacinamide; pyridoxine hydrochloride; riboflavin 5'-phosphate sodium; thiamine hydrochloride; vitamin a; vitamin e
1469	benzoic acid
1470	bergapten
1471	beta-d-glucopyranuronic acid
1472	beta-d-glucose
1473	beta-lactose
1474	beta-maltose
1475	beta-pinene
1476	beta-sesquiphellandrene
1477	betulinic acid
1478	bis((3r,4s,5s,6r)-2-[[(3s,8s,9s,10r,13r,14s,17r)-17-[(2r,5r)-5-ethyl-6-methylheptan-2-yl]-10,13-dimethyl-2,3,4,7,8,9,11,12,14,15,16,17-dodecahydro-1h-cyclopenta[a]phenanthren-3-yl]oxy]-6-(hydroxymethyl)oxane-3,4,5-triol);(3r,4s,5s,6r)-2-[[(3s,8s,9s,10r,13r,14s,17r)-17-[(2r,5r)-5-ethyl-6-methylhept-6-en-2-yl]-10,13-dimethyl-2,3,4,7,8,9,11,12,14,15,16,17-dodecahydro-1h-cyclopenta[a]phenanthren-3-yl]oxy]-6-(hydroxymethyl)oxane-3,4,5-triol
1479	butyric acid
1480	cadaverine
1481	caffeine
1482	calcium
1483	calcium oxide
1484	camphene
1485	catechin
1486	cdp-dg(16:0/16:0)
1487	cdp-dg(16:0/18:0)
1488	chloride
1489	chlorine
1490	cholesterol
1491	choline
1492	choline alfoscerate
1493	chrysoeriol 7-o-(6''-malonyl-apiosyl-glucoside)
1494	citric acid
1495	citronellol
1496	copper
1497	curcumene
1498	curcumenol
1499	curzerenone
1500	d-arabitol
1501	d-aspartic acid
1502	d-fructose
1503	d-galactose
1504	d-galacturonic acid
1505	d-glucose
1506	d-lactic acid
1507	d-xylose
1508	daidzin
1509	deae-cellulose
1510	decanoic acid
1511	delphinidin 3-galactoside
1512	delphinidin 3-o-glucoside cation
1513	delphinidin chloride
1514	diosgenin
1515	disodium;[3-[2,3-di(octadeca-9,12-dienoyloxy)propoxy-oxidophosphoryl]oxy-2-hydroxypropyl] 2,3-di(octadeca-9,12-dienoyloxy)propyl phosphate
1516	eicosanoic acid
1517	elemol
1518	ellagic acid
1519	epicatechin gallate
1520	epigallocatechin
1521	epsilon-polylysine
1522	eriocitrin
1523	erythritol
1524	ethanedioic acid, calcium salt (1:1)
1525	ethanol
1526	ethyl acetate
1527	ethyl lactate
1528	eugenol
1529	fluoride ion
1530	folic acid
1531	gallic acid
1532	galloylpunicalin
1533	gamma-terpinene
1534	genistin
1535	gluconic acid
1536	glycerol
1537	glycerophospholipids, cephalins
1538	glycine
1539	glytoucan:g35236gy
1540	gossypol
1541	heptanoic acid
1542	hesperetin
1543	hesperidin
1544	hexanal
1545	hexanoic acid
1546	hydrogen sulfide
1547	hyperoside
1548	imperatorin
1549	invert sugar
1550	isoamyl alcohol
1551	isobutanol
1552	isorhamnetin
1553	isorhoifolin
1554	kaempferol
1555	kaempferol 3,7,4'-o-triglucoside
1556	kaempferol 3-o-sophoroside
1557	l-alanine
1558	l-arabinose
1559	l-arginine
1560	l-ascorbic acid
1561	l-aspartic acid
1562	l-glutamic acid
1563	l-histidine
1564	l-isoleucine
1565	l-lactic acid
1566	l-leucine
1567	l-lysine
1568	l-malic acid
1569	l-methionine
1570	l-proline
1571	l-serine
1572	l-threonine
1573	l-tryptophan
1574	l-tyrosine
1575	lactic acid
1576	lauric acid
1577	lignin
1578	lonicerin
1579	luteolin
1580	luteolin 7-o-(2-apiosyl-6-malonyl)-glucoside
1581	magnesium ion
1582	malic acid
1583	malonylgenistin
1584	malvidin
1585	manganese
1586	mannitol
1587	menthofuran
1588	methylamine
1589	myrcene
1590	myricetin
1591	myristic acid
1592	myristicin
1593	naringenin
1594	naringin
1595	narirutin
1596	nicotinic acid
1597	nitrate
1598	nitrogen
1599	nonanoic acid
1600	npc212957
1601	npc214502
1602	o-alpha-d-glucopyranosyl-(1->4)-o-alpha-d-glucopyranosyl-(1->4)-d-glucopyranose
1603	octanoic acid
1604	oxalic acid
1605	p-cymen-8-ol
1606	p-cymene
1607	p-menth-4(8)-en-3-one
1608	palmitic acid
1609	pantothenic acid
1610	peonidin 3-arabinoside
1611	peonidin 3-galactoside
1612	petunidin 3-glucoside
1613	phosphate
1614	phosphine
1615	phytate
1616	pipecolic acid
1617	piperidines
1618	potassium
1619	potassium oxide
1620	pseudotaraxasterol
1621	psoralen
1622	putrescine
1623	pyridoxine
1624	pyrrolidine
1625	pyruvic acid
1626	quercetin
1627	quinate
1628	raffinose
1629	riboflavin
1630	rubber, natural-smoked sheet and latex solids (hevea brasiliensis)
1631	rutin
1632	selenium
1633	sodium
1634	sorbitol
1635	stachyose
1636	stachyurin
1637	stearic acid
1638	succinic acid
1639	sucrose
1640	sulfate ion
1641	sulfide ion
1642	terpinolene
1643	theaflavin (standard)
1644	theobromine
1645	thiamine
1646	turmerone
1647	uridine
1648	vicine
1649	water
1650	xanthoxyletin
1651	xanthyletin
1652	xylan sulfate
1653	zingiberol
