drugbank_id,name,cation_sensitive,vka,maoi,k_sparing,acid_dependent,food_interaction_texts
DB00001,Lepirudin,1,1,0,0,0,"Avoid herbs and supplements with anticoagulant/antiplatelet activity. Examples include chamomile, garlic, ginger, ginkgo and ginseng."
DB00006,Bivalirudin,1,1,0,0,0,"Avoid echinacea. | Avoid herbs and supplements with anticoagulant/antiplatelet activity. Examples include garlic, ginger, bilberry, danshen, piracetam, and ginkgo biloba."
DB00009,Alteplase,1,1,0,0,0,"Avoid herbs and supplements with anticoagulant/antiplatelet activity. Examples include garlic, ginger, bilberry, danshen, piracetam, and ginkgo biloba."
DB00012,Darbepoetin alfa,1,0,0,0,0,"Administer iron supplement. When initiating an erythropoiesis-stimulating agent, evaluate iron stores and start iron supplementation if indicated. Most patients with chronic kidney disease require iron supplementation while taking an erythropoiesis-stimulating agent."
DB00013,Urokinase,1,1,0,0,0,"Avoid herbs and supplements with anticoagulant/antiplatelet activity. Examples include garlic, ginger, bilberry, danshen, piracetam, and ginkgo biloba."
DB00015,Reteplase,1,1,0,0,0,"Avoid herbs and supplements with anticoagulant/antiplatelet activity. Examples include garlic, ginger, bilberry, danshen, piracetam, and ginkgo biloba."
DB00016,Erythropoietin,1,0,0,0,0,"Administer iron supplement. When initiating an erythropoiesis-stimulating agent, evaluate iron stores and start iron supplementation if indicated. Most patients with chronic kidney disease require iron supplementation while taking an erythropoiesis-stimulating agent."
DB00017,Salmon calcitonin,1,0,0,0,0,Administer calcium supplement. Individuals who are taking salmon calcitonin for the treatment of postmenopausal osteoporosis should ingest at least 1000mg of elemental calcium daily (by food or through supplementation). | Administer vitamin supplements. Individuals who are taking salmon calcitonin for the treatment of postmenopausal osteoporosis should take at least 400 international units of vitamin D daily.
DB00029,Anistreplase,1,1,0,0,0,"Avoid herbs and supplements with anticoagulant/antiplatelet activity. Examples include garlic, ginger, bilberry, danshen, piracetam, and ginkgo biloba."
DB00031,Tenecteplase,1,1,0,0,0,"Avoid herbs and supplements with anticoagulant/antiplatelet activity. Examples include garlic, ginger, bilberry, danshen, piracetam, and ginkgo biloba."
DB00054,Abciximab,1,1,0,0,0,"Avoid herbs and supplements with anticoagulant/antiplatelet activity. Additive antiplatelet activity may increase the risk of bleeding. Examples include ginseng, ginkgo, ginger, and garlic."
DB00055,Drotrecogin alfa,1,1,0,0,0,"Avoid herbs and supplements with anticoagulant/antiplatelet activity. Examples include garlic, ginger, bilberry, danshen, piracetam, and ginkgo biloba."
DB00063,Eptifibatide,1,1,0,0,0,"Avoid herbs and supplements with anticoagulant/antiplatelet activity. The use of anticoagulant/antiplatelet herbs with eptifibatide may increase the risk of bleeding. Examples include garlic, ginger, bilberry, danshen, piracetam, and ginkgo biloba."
DB00078,Ibritumomab tiuxetan,1,1,0,0,0,"Avoid herbs and supplements with anticoagulant/antiplatelet activity. Individuals taking these herbs/supplements while taking ibritumomab tiuxetan should be monitored for thrombocytopenia more frequently. Examples include garlic, ginger, bilberry, danshen, piracetam, and ginkgo biloba."
DB00086,Streptokinase,1,1,0,0,0,"Avoid herbs and supplements with anticoagulant/antiplatelet activity. Examples include garlic, ginger, bilberry, danshen, piracetam, and ginkgo biloba."
DB00091,Cyclosporine,0,0,0,1,0,Avoid grapefruit products. | Avoid potassium-containing products. Taking products that increase serum potassium may increase the risk of hyperkalemia. | Avoid St. John's Wort. | Take at the same time every day. Take consistently with regard to food.
DB00126,Ascorbic acid,1,0,0,0,0,"Avoid multivalent ions. Do not infuse with elemental compounds that can be reduced, such as copper."
DB00177,Valsartan,0,0,0,1,0,"Take with or without food. Co-administration with food slightly alters pharmacokinetics, but not to a clinically significant extent."
DB00178,Ramipril,0,0,0,1,0,Avoid potassium-containing products. Potassium products increase the risk of hyperkalemia. | Take with or without food. The absorption is unaffected by food.
DB00181,Baclofen,1,0,0,0,0,Avoid alcohol. | Take with food. Take with food or milk to reduce gastric irritation.
DB00188,Bortezomib,1,0,0,0,0,"Avoid St. John's Wort. This herb induces CYP3A4 metabolism, which may reduce the serum concentration of bortezomib. | Exercise caution with grapefruit products. Grapefruit inhibits CYP3A4 metabolism, which may increase the serum concentration of bortezomib. | Limit foods and supplements high in flavonoids. Flavonoids may interfere with the therapeutic action of this drug. Foods high in flavonoids include green vegetables, fruits, and green tea. | Limit foods and supplements high in vitamin C. Vitamin C may interfere with the therapeutic action of this drug. Foods high in vitamin C include citrus fruits and beverages."
DB00205,Pyrimethamine,1,0,0,0,0,Administer folic acid supplement. Folic acid need is increased. | Take with food. Food reduces irritation.
DB00214,Torasemide,0,0,0,1,0,Take with or without food. Food delays the Cmax by 30 minutes but does not impact efficacy.
DB00218,Moxifloxacin,1,0,0,0,0,Drink plenty of fluids. | Take with or without food.
DB00252,Phenytoin,1,0,0,0,1,Avoid alcohol. Alcohol may increase or decrease serum levels of phenytoin. | Take separate from antacids. Take at least 2 hours before or after antacids. Taking this medication with antacids can reduce absorption. | Take with food. Food reduces irritation and increases bioavailability.
DB00254,Doxycycline,1,0,0,0,0,"Avoid multivalent ions. The absorption of tetracyclines is reduced when taken with foods, especially those which contain calcium. | Take with or without food. The absorption of tetracyclines is reduced when taken with foods, but not to a significant extent. If gastric irritation occurs, it is recommended that doxycycline be given with food or milk."
DB00256,Lymecycline,1,0,0,0,0,Take with or without food.
DB00258,Calcium acetate,1,0,0,0,0,"Take with food. When taken with food, calcium acetate forms an insoluble complex with the phosphorus from food, reducing phosphorus serum concentrations."
DB00266,Dicoumarol,1,1,0,0,0,"Avoid herbs and supplements with anticoagulant/antiplatelet activity. Examples include ginseng, ginkgo, ginger, and garlic."
DB00275,Olmesartan,0,0,0,1,0,Take with or without food. Food does not affect absorption.
DB00278,Argatroban,1,1,0,0,0,"Avoid herbs and supplements with anticoagulant/antiplatelet activity. Examples include garlic, ginger, bilberry, danshen, piracetam, and ginkgo biloba. | Exercise caution with grapefruit products. Grapefruit inhibits CYP3A4 metabolism, which may increase the serum concentration of argatroban; however, the evidence is conflicting. | Exercise caution with St. John's Wort."
DB00282,Pamidronic acid,1,0,0,0,0,
DB00294,Etonogestrel,1,0,0,0,0,Administer vitamin supplements. | Avoid alcohol. | Limit caffeine intake. | Take at the same time every day. | Take with food.
DB00313,Valproic acid,1,0,0,0,0,Avoid alcohol. | Avoid milk and dairy products. | Take with food.
DB00330,Ethambutol,1,0,0,0,1,Take separate from antacids. Do not take aluminum hydroxide containing antacids for at least 4 hours after ethambutol administration. | Take with food. Food reduces irritation.
DB00364,Sucralfate,1,0,0,0,1,Take on an empty stomach. Take at least 1 hour before or 2 hours after meals. | Take separate from antacids. Take at least 30 minutes before or after antacids.
DB00365,Grepafloxacin,1,0,0,0,0,Avoid caffeine. | Drink plenty of fluids. | Take with or without food. The absorption is unaffected by food.
DB00384,Triamterene,1,0,0,1,0,Avoid potassium-containing products. The risk of hyperkalemia can be increased with the intake of potassium supplementation or potassium-rich foods.
DB00390,Digoxin,1,0,0,1,0,Avoid multivalent ions. Calcium and aluminum containing products (including kaolin-pectin) may interfere with absorption) and digoxin administration must be separated by several hours. | Avoid potassium-containing products. They may cause arrhythmias when given with digoxin. | Avoid St. John's Wort. This drug can decrease digoxin levels. | Do not take with bran and high fiber foods. Separate administration of bran and high fiber foods from medication by at least 2 hours.
DB00396,Progesterone,1,0,0,0,0,Administer vitamin supplements. | Avoid alcohol. | Limit caffeine intake. | Take at the same time every day. | Take with food.
DB00399,Zoledronic acid,1,0,0,0,0,
DB00407,Ardeparin,1,1,0,0,0,"Avoid herbs and supplements with anticoagulant/antiplatelet activity. Examples include ginseng, ginkgo, ginger, and garlic."
DB00420,Promazine,1,0,0,0,1,Avoid alcohol. Additive CNS depression may occur if alcohol is consumed. | Avoid antacids. The absorption of promazine may be reduced by antacid use.
DB00421,Spironolactone,1,0,0,1,0,Avoid potassium-containing products. Potassium products increase the risk of hyperkalemia. | Take with or without food. Food increases the bioavailability of spironolactone by approximately 95.4%. It should be taken at a consistent time in regards to food.
DB00424,Hyoscyamine,1,0,0,0,1,Take before a meal. Take 30-60 minutes before a meal. | Take separate from antacids. Take oral hyoscyamine before meals and antacids after meals.
DB00451,Levothyroxine,1,0,0,0,1,"Avoid calcium supplements/calcium rich foods. Calcium may interfere with the absorption of this drug by forming an insoluble complex. Separate medication administration by at least 4 hours. | Avoid grapefruit products. Grapefruit may delay the absorption of this medication. | Avoid iron supplements. Iron may interfere with the absorption of this drug by forming an insoluble complex. Separate medication administration by at least 4 hours. | Avoid multivalent ions. Examples include iron, magnesium, and calcium. These are often found in antacids, vitamins, and supplements - separate medication administration by at least 4 hours. | Do not take with bran and high fiber foods. Dietary fiber, soybean flour, cottonseed meal, and walnuts may reduce the absorption of levothyroxine. | Take on an empty stomach. Levothyroxine should be taken on an empty stomach 30-60 minutes prior to the first meal of the day."
DB00453,Clomocycline,1,0,0,0,0,
DB00458,Imipramine,0,0,0,0,1,Avoid alcohol. | Avoid St. John's Wort. | Do not take with bran and high fiber foods. | Limit caffeine intake. | Take with food.
DB00467,Enoxacin,1,0,0,0,0,
DB00476,Duloxetine,0,0,0,0,1,Avoid excessive or chronic alcohol consumption. Alcohol increases the risk of liver toxicity. | Take with or without food. Do not sprinkle the contents of the capsules on food/liquids.
DB00482,Celecoxib,1,0,0,0,0,"Avoid alcohol. Alcohol increases the risk of gastrointestinal irritation. | Avoid multivalent ions. Separate the administration of aluminum and magnesium containing drugs by several hours. | Take with or without food. Doses up to 200 mg can be taken without regard to food, but doses of 400mg or higher should be taken with food."
DB00487,Pefloxacin,1,0,0,0,0,
DB00492,Fosinopril,1,0,0,1,1,"Avoid hypertensive herbs (e.g. bayberry, blue cohosh, cayenne, ephedra, and licorice). | Avoid potassium-containing products. Potassium products increase the risk of hyperkalemia. | Limit salt intake. Salt may attenuate the antihypertensive effect. | Take separate from antacids. Take at least 2 hours before or after antacids. Taking this medication with antacids can reduce absorption.Taking this medication with antacids can reduce absorption. | Take with or without food. The absorption is unaffected by food."
DB00496,Darifenacin,0,0,0,1,0,Take with or without food. The absorption is unaffected by food.
DB00498,Phenindione,1,1,0,0,0,"Avoid herbs and supplements with anticoagulant/antiplatelet activity. Examples include ginseng, ginkgo, ginger, and garlic."
DB00500,Tolmetin,1,0,0,0,0,"Avoid alcohol. Ingesting alcohol may increase the risk of developing an ulcer, or gastrointestinal bleed. | Take with or without food. Food (or milk) can decrease oral bioavailability by 16%. Tolmetin may be taken with food to reduce gastrointestinal upset, but it may reduce tolmetin serum levels by 50%."
DB00519,Trandolapril,0,0,0,1,0,"Avoid hypertensive herbs (e.g. bayberry, blue cohosh, cayenne, ephedra, and licorice). | Avoid potassium-containing products. Potassium products increase the risk of hyperkalemia. | Limit salt intake. Salt may attenuate the antihypertensive effect. | Take with or without food. The absorption is unaffected by food."
DB00533,Rofecoxib,1,0,0,0,1,"Take separate from antacids. Taking rofecoxib with antacids can reduce the AUC and Cmax of rofecoxib, therefore consider separating their administration for optimal efficacy. | Take with or without food. The AUC and Cmax of rofecoxib tablets are not impacted by administration with food, however, the Tmax may be delayed. The food effect on the absorption of rofecoxib suspension formulation has not been studied according to the official product labeling."
DB00535,Cefdinir,1,0,0,0,0,"Avoid multivalent ions. Do not take aluminum, magnesium, or iron containing products up to 2 hours before or after this medication. | Take with or without food. The absorption is unaffected by food."
DB00537,Ciprofloxacin,1,0,0,0,0,Avoid milk and dairy products. Dairy products and calcium fortified juices decrease the absorption of ciprofloxacin. | Limit caffeine intake. | Take with or without food. The absorption is not significantly affected by food.
DB00542,Benazepril,0,0,0,1,0,Avoid potassium-containing products. Potassium products increase the risk of hyperkalemia. | Take with or without food. Food slows the rate of absorption but not the extent.
DB00551,Acetohydroxamic acid,1,0,0,0,0,"Avoid alcohol. Concomitant use of acetohydroxamic acid with alcohol may cause a rash. | Avoid iron supplements. Acetohydroxamic acid chelates iron, therefore oral supplementation of iron will reduce levels of both iron and acetohydroxamic acid. | Take on an empty stomach."
DB00553,Methoxsalen,1,0,0,0,0,Take with food. Take this medication with food or milk.
DB00560,Tigecycline,1,0,0,0,0,
DB00563,Methotrexate,1,0,0,0,0,Avoid alcohol. | Avoid milk and dairy products. Milk and dairy products reduce absorption. | Exercise caution with St. John's Wort. | Limit caffeine intake. Caffeine may reduce the effectiveness of methotrexate. | Take with or without food.
DB00569,Fondaparinux,1,1,0,0,0,"Avoid herbs and supplements with anticoagulant/antiplatelet activity. Examples include ginseng, ginkgo, ginger, and garlic."
DB00571,Propranolol,0,0,0,1,0,"Avoid alcohol. Alcohol increases propranolol plasma concentrations. | Avoid natural licorice. Natural licorice inhibits the metabolism of propranolol, increasing drug exposure. | Take with food."
DB00584,Enalapril,0,0,0,1,0,"Avoid hypertensive herbs (e.g. bayberry, blue cohosh, cayenne, ephedra, and licorice). Additive hypertensive effects may occur. | Avoid potassium-containing products. Potassium products increase the risk of hyperkalemia. | Take with or without food. The absorption is unaffected by food."
DB00586,Diclofenac,0,0,0,1,0,"Avoid excessive or chronic alcohol consumption. Co-administration with alcohol may increase the risk of gastrointestinal side effects, such as ulceration. | Take with food. Food reduces gastric irritation."
DB00594,Amiloride,0,0,0,1,0,Avoid drastic dietary changes. | Avoid natural licorice. | Avoid potassium-containing products. | Take with food. Food reduces irritation.
DB00595,Oxytetracycline,1,0,0,0,0,Avoid milk and dairy products. Take at least 1 hour before or two hours after consuming dairy products. | Take separate from meals. Take at least one hour before or two hours after a meal.
DB00601,Linezolid,1,0,1,0,0,"Avoid tyramine-containing foods and supplements. Avoid food containing high amounts of tyramine (>100mg). Tyramine-containing foods include cheese, red wine, fava beans, pickled foods, cured foods, and alcoholic beverages. | Take with or without food. Co-administration with food does not significantly alter the pharmacokinetics of linezolid."
DB00614,Furazolidone,0,0,1,0,0,
DB00618,Demeclocycline,1,0,0,0,0,Avoid milk and dairy products. | Avoid multivalent ions. | Take on an empty stomach.
DB00630,Alendronic acid,1,0,0,0,1,"Administer vitamin supplements. Patients may require supplemental vitamin D. | Avoid multivalent ions. Calcium, antacids, and divalent ions may interfere with the absorption of this medication. | Take before a meal. Take 30-60 minutes before breakfast. | Take with a full glass of water."
DB00642,Pemetrexed,1,0,0,0,0,Administer folic acid supplement. Folic acid supplement of 400 to 1000 mcg daily should be given 7 days before treatment with pemetrexed and continued until 21 days after discontinuation of pemetrexed to reduce the risk of hematologic and gastrointestinal toxicities. | Administer vitamin supplements. Administration of vitamin B12 intramuscular supplement one week before treatment with pemetrexed and every three cycles will reduce the risk of hematological and gastrointestinal toxicities.
DB00682,Warfarin,0,1,0,0,0,"Avoid drastic dietary changes. | Avoid foods rich in vitamin K. Vitamin K in foods such as leafy vegetables can reduce warfarin efficacy. | Avoid grapefruit products. They may interfere with warfarin metabolism and increase INR, increasing the risk of bleeding. | Avoid herbs and supplements with anticoagulant/antiplatelet activity. Examples include garlic, ginger, bilberry, danshen, piracetam, and ginkgo biloba. | Avoid St. John's Wort. This drug may reduce warfarin efficacy."
DB00685,Trovafloxacin,1,0,0,0,1,Avoid multivalent ions. | Take separate from antacids. Take at least 2 hours before or after antacids. | Take with or without food. Taking trovafloxacin with food may reduce the risk of dizziness.
DB00686,Pentosan polysulfate,1,1,0,0,0,"Avoid herbs and supplements with anticoagulant/antiplatelet activity. Taking pentosan polysulfate with anticoagulant herbs may increase bleeding risk, which is an adverse effect of pentosan polysulfate. | Take on an empty stomach. Take at least 1 hour before or 2 hours after meals."
DB00687,Fludrocortisone,0,0,0,1,0,Limit salt intake. Excessive intake of salt can result in hypertension and edema.
DB00688,Mycophenolate mofetil,1,0,0,0,0,"Avoid multivalent ions. Take multivalent ions such as calcium, iron, or magnesium at least 2 hours after taking this medication. | Take on an empty stomach. Take at least 1 hour before or 2 hours after meals."
DB00691,Moexipril,0,0,0,1,0,"Avoid hypertensive herbs (e.g. bayberry, blue cohosh, cayenne, ephedra, and licorice). | Avoid potassium-containing products. Potassium products increase the risk of hyperkalemia. | Limit salt intake. Salt may attenuate the antihypertensive effect. | Take separate from meals. Take 1 hour before meals."
DB00695,Furosemide,0,0,0,1,0,"Avoid excessive or chronic alcohol consumption. Alcohol increases the risk of orthostatic hypotension. | Avoid natural licorice. Avoid licorice in large amounts, as it may lead to hypokalemia. | Increase consumption of potassium-rich foods. This medication may cause potassium depletion. Foods containing potassium include bananas and orange juice."
DB00700,Eplerenone,0,0,0,1,0,Avoid grapefruit products. Grapefruit juice may increase the serum levels of eplerenone by 25% by inhibiting CYP3A4. | Take with or without food.
DB00710,Ibandronate,1,0,0,0,0,Take on an empty stomach. | Take with a full glass of water. Do not take this medication with other liquids.
DB00720,Clodronic acid,1,0,0,0,0,Take on an empty stomach. Co-administration with food may decrease absorption.
DB00721,Procaine,0,0,1,0,0,
DB00722,Lisinopril,0,0,0,1,0,"Avoid hypertensive herbs (e.g. bayberry, blue cohosh, cayenne, ephedra, and licorice). | Avoid potassium-containing products. Potassium products increase the risk of hyperkalemia. | Limit salt intake. Salt may attenuate the antihypertensive effect. | Take with or without food. The absorption is unaffected by food."
DB00752,Tranylcypromine,1,0,1,0,0,"Avoid alcohol. Ingesting alcohol may increase the CNS depressant effects of tranylcypromine. | Avoid St. John's Wort. Administering tranylcypromine with St. John's Wort may increase the risk of serotonin syndrome. | Avoid tyramine-containing foods and supplements. Tyramine-containing foods and beverages can cause a sudden elevation in blood pressure or a hypertensive crisis. Foods that contain tyramine include aged cheese, ripe bananas, red wine, some alcoholic beverages (beer), cured food, pickled food, and fava beans."
DB00759,Tetracycline,1,0,0,0,0,Avoid milk and dairy products. | Take on an empty stomach. Take at least 1 hour before or 2 hours after meals. | Take with a full glass of water.
DB00774,Hydroflumethiazide,0,0,0,1,0,Increase consumption of potassium-rich foods. This medication may cause a loss of potassium.
DB00779,Nalidixic acid,1,0,0,0,0,Drink plenty of fluids. | Take with food. Food reduces irritation.
DB00780,Phenelzine,1,0,1,0,0,"Avoid alcohol. | Avoid St. John's Wort. Administering phenelzine with St. John's Wort may increase the risk of serotonin syndrome. | Avoid tyramine-containing foods and supplements. Tyramine-containing foods and beverages can cause a sudden elevation in blood pressure or a hypertensive crisis. Foods that contain tyramine include aged cheese, ripe bananas, red wine, some alcoholic beverages (beer), cured food, pickled food, and fava beans. | Limit caffeine intake. Excess caffeine intake can also cause a hypertensive crisis."
DB00790,Perindopril,0,0,0,1,0,"Avoid hypertensive herbs (e.g. bayberry, blue cohosh, cayenne, ephedra, and licorice). | Avoid potassium-containing products. Potassium products increase the risk of hyperkalemia. | Limit salt intake. Salt may attenuate the antihypertensive effect. | Take with or without food. The absorption is unaffected by food."
DB00796,Candesartan cilexetil,0,0,0,1,0,Take at the same time every day. | Take with or without food. The absorption is unaffected by food.
DB00805,Minaprine,0,0,1,0,0,
DB00807,Proparacaine,0,0,0,1,0,
DB00808,Indapamide,0,0,0,1,0,Avoid alcohol. Alcohol may potentiate orthostatic hypotension. | Increase consumption of potassium-rich foods. Indapamide my cause potassium depletion leading to hypokalemia. | Take with or without food.
DB00817,Rosoxacin,1,0,0,0,0,
DB00827,Cinoxacin,1,0,0,0,0,
DB00864,Tacrolimus,1,0,0,0,1,"Avoid alcohol. Consuming alcohol may increase the rate of tacrolimus release from extended-release formulations. | Avoid grapefruit products. | Exercise caution with St. John's Wort. This herb induces the CYP3A4 metabolism of tacrolimus; therefore, monitoring tacrolimus whole blood trough concentrations may be warranted. | Take at the same time every day. | Take on an empty stomach. Take at least 1 hour before or 2 hours after a meal as coadministration with food decreases the rate and extent of absorption. | Take separate from antacids. Coadministration of tacrolimus with aluminum or magnesium hydroxide antacids may increase the serum levels of tacrolimus, which poses a risk for toxicity."
DB00866,Alprenolol,0,0,0,1,0,
DB00876,Eprosartan,0,0,0,1,0,Take with or without food. The absorption is unaffected by food.
DB00881,Quinapril,0,0,0,1,0,"Avoid fatty foods. | Avoid hypertensive herbs (e.g. bayberry, blue cohosh, cayenne, ephedra, and licorice). | Avoid potassium-containing products. Potassium products increase the risk of hyperkalemia. | Limit salt intake. Salt may attenuate the antihypertensive effect."
DB00884,Risedronic acid,1,0,0,0,1,"Administer vitamin supplements. Patients may require supplemental vitamin D. | Avoid multivalent ions. Calcium, antacids, and divalent ions may interfere with the absorption of this medication. | Take on an empty stomach. | Take with a full glass of water."
DB00886,Omapatrilat,0,0,0,1,0,
DB00908,Quinidine,1,0,0,0,1,"Exercise caution with grapefruit products. Grapefruit may delay the absorption of quinidine, and inhibit its metabolism through CYP3A4. | Exercise caution with St. John's Wort. | Take separate from antacids. Antacids may reduce the absorption of quinidine. | Take with or without food. Taking quinidine with food may slow its absorption."
DB00910,Paricalcitol,1,0,0,0,1,"Avoid antacids. Avoid taking aluminum-containing antacids chronically with paricalcitol as there is an increased risk of aluminum toxicity. | Exercise caution with grapefruit products. Grapefruit inhibits CYP3A4, and paricalcitol metabolism is mediated partially through CYP3A4; therefore, grapefruit may increase paricalcitol serum levels. | Take with or without food."
DB00931,Metacycline,1,0,0,0,0,
DB00943,Zalcitabine,1,0,0,0,0,Avoid multivalent ions. Magnesium and aluminum containing products can reduce the absorption of this medication. | Take on an empty stomach. Take at least 1 hour before or 2 hours after meals.
DB00945,Acetylsalicylic acid,1,1,0,0,1,"Avoid alcohol. Alcohol increases the risk of gastrointestinal bleeding. | Avoid herbs and supplements with anticoagulant/antiplatelet activity. Examples include garlic, ginger, bilberry, danshen, piracetam, and ginkgo biloba. | Take after a meal. This reduces irritating gastrointestinal effects. | Take with a full glass of water."
DB00946,Phenprocoumon,1,1,0,0,0,"Avoid herbs and supplements with anticoagulant/antiplatelet activity. Examples include garlic, ginger, bilberry, danshen, piracetam, and ginkgo biloba. | Ensure consistent Vitamin K intake. Changes in vitamin K intake may impact coagulation. | Exercise caution with grapefruit products. | Exercise caution with St. John's Wort."
DB00951,Isoniazid,1,0,1,0,1,"Administer vitamin supplements. Vitamin B6 (pyridoxine) should be given with isoniazid to prevent deficiency. | Avoid alcohol. Avoid drinking alcoholic beverages such as unpasteurized beer; unless approved by your physician, as they may contain tyramine. Consuming alcohol may also increase the risk of isoniazid induced hepatitis and neuropathy. | Avoid chocolate. Chocolate contains caffeine, which should be limited during isoniazid therapy. | Avoid histamine-containing foods and supplements. Histamine-containing foods (e.g., skipjack, tuna, other tropical fish) can cause headaches, sweating, palpitations, flushing, and hypotension. | Avoid tyramine-containing foods and supplements. Tyramine-containing foods include cheese, red wine, fava beans, pickled food, cured food, and alcoholic beverages. | Limit caffeine intake. | Take on an empty stomach. Take at least 1 hour before or 2 hours after meals. | Take separate from antacids. Taking this medication with antacids can reduce absorption."
DB00960,Pindolol,0,0,0,1,0,Avoid alcohol. Alcohol may aggravate signs and symptoms of overdose. | Take with or without food. Food does not significantly affect absorption.
DB00966,Telmisartan,0,0,0,1,0,Take with or without food. Bioavailability may be slightly reduced by taking telmisartan with food.
DB00974,Edetic acid,1,1,0,0,0,"Avoid herbs and supplements with anticoagulant/antiplatelet activity. Examples include garlic, ginger, bilberry, danshen, piracetam, and ginkgo biloba."
DB00975,Dipyridamole,1,1,0,0,0,"Avoid herbs and supplements with anticoagulant/antiplatelet activity. Examples include garlic, ginger, bilberry, danshen, piracetam, and ginkgo biloba. | Avoid xanthines. Xanthines, found in coffee and tea, can reduce the effectiveness of this medication. | Take with or without food. Taking dipyridamole extrended release capusels with a high-fat meal minimally reduces it's AUC and Cmax."
DB00978,Lomefloxacin,1,0,0,0,1,"Avoid multivalent ions. Separate the administration polyvalent ions, including magnesium and aluminum-containing antacids, from lomefloxacin by at least 4 hours before and 2 hours after lomefloxacin dosing. | Take with or without food. The rate and extent of absorption may be reduced when lomefloxacin is taken with food."
DB00982,Isotretinoin,1,0,0,0,0,Avoid alcohol. Alcohol with isotretinoin can lead to inflammation of the liver. | Avoid vitamin A supplements. | Take with food. High-fat food increases drug absorption.
DB00990,Exemestane,0,0,0,1,0,Take with food. The manufacturer recommends administration following a meal.
DB00999,Hydrochlorothiazide,1,0,0,1,1,"Avoid alcohol. Alcohol may potentiate orthostatic hypotension. | Avoid multivalent ions. Take this medication 2 hours before or after the administration of antacids, calcium supplements, or iron supplements to avoid decreased absorption of hydrochlorothiazide. | Avoid natural licorice. Licorice potentiates the hypokalemic effect of hydrochlorothiazide. | Increase consumption of potassium-rich foods. This medication may cause potassium depletion. Foods containing potassium include bananas and orange juice. | Limit salt intake. Avoid excessive salt, unless recommended by a physician. | Take with or without food."
DB01006,Letrozole,0,0,0,1,0,Take with or without food. Food slows absorption without decreasing the quantity absorbed.
DB01011,Metyrapone,1,0,0,1,0,Take with food. Take metyrapone with milk or a snack according to the specific instructions for a single or multi-dose test.
DB01017,Minocycline,1,0,0,0,0,"Avoid multivalent ions. Separate administration of aluminium, calcium, iron and magnesium containing products from medication by at least 2 hours. | Take with or without food."
DB01026,Ketoconazole,1,0,0,0,1,Avoid alcohol. Drinking alcohol while on ketoconazole treatment may cause liver injury. | Avoid multivalent ions. They may decrease ketoconazole concentrations. | Take with food. Food decreases gastrointestinal irritation caused by ketoconazole.
DB01029,Irbesartan,0,0,0,1,0,Take with or without food. The absorption is unaffected by food.
DB01037,Selegiline,1,0,1,0,0,"Avoid tyramine-containing foods and supplements. Consuming foods containing tyramine such as yogurt, aged cheese, ripe bananas, wine, and sourdough bread may increase the risk of having an uncontrolled hypertensive reaction. | Take before a meal. Take selegiline oral disintegrating tablets before breakfast and at least 5 minutes before or after any food or drink. Taking selegiline with food reduces the AUC by approximately 60%. | Take with food. Take selegiline capsules or tablets with breakfast and lunch. Food can increase the exposure to selegiline by 3-4 fold."
DB01044,Gatifloxacin,1,0,0,0,0,Drink plenty of fluids. | Take with or without food. The absorption is unaffected by food.
DB01059,Norfloxacin,1,0,0,0,0,Drink plenty of fluids. | Limit caffeine intake. | Take on an empty stomach.
DB01064,Isoprenaline,0,0,0,1,0,
DB01066,Cefditoren,1,0,0,0,1,"Avoid multivalent ions. Avoid antacids containing magnesium and aluminum hydroxides when possible, otherwise separate the administration of antacids and this drug by several hours."
DB01077,Etidronic acid,1,0,0,0,0,Avoid multivalent ions. Separate administration from multivalent ions by at least two hours. | Take on an empty stomach. | Take with a full glass of water.
DB01088,Iloprost,1,1,0,0,0,"Avoid herbs and supplements with anticoagulant/antiplatelet activity. Taking iloprost with anticoagulant/antiplatelet herbs may increase the risk of bleeding occurring as an adverse effect. Examples include garlic, ginger, bilberry, danshen, piracetam, and ginkgo biloba."
DB01109,Heparin,1,1,0,0,0,"Administer calcium supplement. This drug decreases calcium levels. | Avoid herbs and supplements with anticoagulant/antiplatelet activity. Examples include garlic, ginger, bilberry, danshen, piracetam, and ginkgo biloba."
DB01121,Phenacemide,0,0,0,1,0,Take with or without food. Co-administration with food may reduce gastrointestinal upset.
DB01133,Tiludronic acid,1,0,0,0,1,Take at least 2 hours before or after calcium supplements. | Take on an empty stomach. Take at least 2 hours before or after meals. | Take separate from antacids. Take at least 2 hours before or after antacids. The bioavailability of this medication is significantly reduced when administered with aluminum or magnesium containing antacids. | Take with a full glass of water.
DB01137,Levofloxacin,1,0,0,0,0,Take with or without food. Food slightly alters kinetics but not to any clinically significant extent.
DB01144,Diclofenamide,0,0,0,1,0,"Increase consumption of potassium-rich foods. Diclofenamide may cause hypokalemia, therefore consuming more potassium-rich foods may help prevent hypokalemia."
DB01155,Gemifloxacin,1,0,0,0,0,Take with or without food. The absorption is unaffected by food.
DB01165,Ofloxacin,1,0,0,0,0,Limit caffeine intake. | Take with or without food. The absorption is unaffected by food.
DB01167,Itraconazole,0,0,0,0,1,"Exercise caution with grapefruit products. While there is inconclusive evidence of the effect of grapefruit products on the systemic exposure to itraconazole, they may affect drug absorption. | Take with food. Food promotes maximal absorption of itraconazole."
DB01168,Procarbazine,1,0,1,0,0,"Avoid alcohol. Ingesting alcohol may potentiate the CNS depressant effects of procarbazine and may precipitate a disulfiram-like-reaction (nausea, flushing). | Avoid tyramine-containing foods and supplements. Foods that contain tyramine include yogurt, aged cheese, ripe bananas, wine, and sourdough bread."
DB01171,Moclobemide,1,0,1,0,0,"Avoid excessive or chronic alcohol consumption. | Avoid tyramine-containing foods and supplements. Avoid excess consumption (<100mg) of tyramine. Food that contains tyramine includes yogurt, aged cheese, ripe bananas, wine, and sourdough bread. | Take after a meal."
DB01174,Phenobarbital,1,0,0,0,0,Administer vitamin supplements. | Avoid alcohol. | Limit caffeine intake. | Take on an empty stomach. Taking this medication on an empty stomach increases the speed of absorption.
DB01180,Rescinnamine,0,0,0,1,0,
DB01196,Estramustine,1,0,0,0,0,Avoid milk and dairy products. | Take on an empty stomach.
DB01197,Captopril,0,0,0,1,0,"Avoid hypertensive herbs (e.g. bayberry, blue cohosh, cayenne, ephedra, and licorice). | Avoid potassium-containing products. Potassium products increase the risk of hyperkalemia. | Limit salt intake. Salt may attenuate the antihypertensive effect. | Take separate from meals. The presence of food decreases absorption. Take one hour prior to meals."
DB01203,Nadolol,0,0,0,1,0,Avoid alcohol. | Avoid natural licorice. | Take with or without food. The absorption is unaffected by food.
DB01208,Sparfloxacin,1,0,0,0,0,
DB01223,Aminophylline,1,0,0,0,0,"Administer vitamin supplements. Aminophylline may reduce Vitamin B6 levels as an adverse effect. Consider supplementation. | Avoid excessive or chronic alcohol consumption. Ingesting a large amount of alcohol may reduce aminophylline clearance, therefore increasing its serum concentration. | Exercise caution with grapefruit products. Grapefruit inhibits CYP3A4 metabolism, which may increase the serum concentration of aminophylline. | Exercise caution with St. John's Wort. This herb induces the CYP3A4 metabolism of aminophylline. Therefore it may reduce the serum concentration and effectiveness of aminophylline. | Limit caffeine intake. Excessive caffeine intake with aminophylline may exacerbate caffiene-like side effects such as nausea, nervousness, irritability, insomnia and tremors. | Take with food. This may reduce gastric irritation. Aminophylline absorption is slower when taken with food."
DB01225,Enoxaparin,1,1,0,0,0,"Avoid herbs and supplements with anticoagulant/antiplatelet activity. Examples include garlic, ginger, bilberry, danshen, piracetam, and ginkgo biloba."
DB01235,Levodopa,1,0,0,0,0,Avoid multivalent ions. Iron salts may reduce levodopa absorption. | Take with or without food. A diet high in protein may delay absorption and AUC of levodopa.
DB01240,Epoprostenol,1,1,0,0,0,"Avoid herbs and supplements with anticoagulant/antiplatelet activity. Examples include garlic, ginger, bilberry, danshen, piracetam, and ginkgo biloba."
DB01247,Isocarboxazid,1,0,1,0,0,"Avoid alcohol. The official product labeling suggests avoiding the use of CNS depressants. | Avoid tyramine-containing foods and supplements. Foods that contain tyramine include yogurt, aged cheese, ripe bananas, wine, and sourdough bread. | Limit caffeine intake."
DB01255,Lisdexamfetamine,1,0,0,0,1,"Avoid antacids. Urinary excretion of lisdexamfetamine is elevated when the urine is more acidic. Antacids like sodium bicarbonate alkalinize the urine; therefore, they may reduce lisdexamfetamine elimination. | Limit foods and supplements high in vitamin C. Urinary excretion of lisdexamfetamine is elevated when the urine is more acidic. Vitamin C acidifies the urine and, therefore, may increase lisdexamfetamine elimination. | Take with or without food. Food prolongs Tmax by approximately one hour, but does not significantly affect drug exposure."
DB01263,Posaconazole,1,0,0,0,0,Take with food. Posaconazole suspension can also be taken with a nutritional supplement drink or carbonated beverage if a full meal cannot be consumed.
DB01284,Tetracosactide,0,0,0,1,0,
DB01285,Corticotropin,0,0,0,1,0,
DB01301,Rolitetracycline,1,0,0,0,0,Avoid milk and dairy products. Dairy products contain cations such as calcium which may interfere with the absorption of rolitetracycline.
DB01303,Oxtriphylline,0,0,0,0,1,Limit caffeine intake. | Take with food. Food reduces irritation.
DB01342,Forasartan,0,0,0,1,0,
DB01344,Tolevamer,1,0,0,0,0,Avoid multivalent ions. | Take on an empty stomach.
DB01347,Saprisartan,0,0,0,1,0,
DB01348,Spirapril,0,0,0,1,0,"Avoid hypertensive herbs (e.g. bayberry, blue cohosh, cayenne, ephedra, and licorice). | Avoid potassium-containing products. Potassium products increase the risk of hyperkalemia. | Limit salt intake. Salt may attenuate the antihypertensive effect."
DB01349,Tasosartan,0,0,0,1,0,
DB01367,Rasagiline,1,0,1,0,0,"Avoid St. John's Wort. Co-administration of rasagiline with this herb is contraindicated. | Avoid tyramine-containing foods and supplements. Avoid food containing high amounts of tyramine (>150mg) as these may increase the risk of hypertensive reaction. Tyramine-containing foods include cheese, red wine, fava beans, pickled food, cured food, and alcoholic beverages. | Take with or without food."
DB01377,Magnesium oxide,1,0,0,0,0,"Take with food. When using magnesium to treat calcium oxalate nephrolithiasis, magnesium oxide should be taken with food. | Take with or without food. Many different products contain magnesium oxide; refer to the product monograph for more specific instruction. Taking magnesium supplements with food may reduce the risk of diarrhea."
DB01381,Ginkgo biloba,1,1,0,0,0,"Avoid herbs and supplements with anticoagulant/antiplatelet activity. Additive anticoagulant/antiplatelet activity may increase the risk of bleeding. Examples include garlic, ginger, bilberry, danshen, piracetam, and ginkgo biloba. | Take with or without food. Food insignificantly decreases the rate of absorption."
DB01395,Drospirenone,0,0,0,1,0,Avoid St. John's Wort. | Take at the same time every day. | Take with or without food.
DB01405,Temafloxacin,1,0,0,0,0,
DB01418,Acenocoumarol,1,1,0,0,0,"Avoid herbs and supplements with anticoagulant/antiplatelet activity. Examples include garlic, ginger, bilberry, danshen, piracetam, and ginkgo biloba. | Ensure consistent Vitamin K intake. Changes in vitamin K intake may impact coagulation. Foods containing vitamin K include spinach, kale, and swiss chard. | Exercise caution with St. John's Wort."
DB01580,Oxprenolol,0,0,0,1,0,Avoid alcohol. | Avoid natural licorice. | Take with or without food. The absorption is unaffected by food.
DB01583,Liotrix,1,0,0,0,1,Avoid calcium supplements/calcium rich foods. Calcium may interfere with the absorption of this drug by forming an insoluble complex. Separate medication administration by at least 4 hours. | Avoid grapefruit products. Grapefruit may delay the absorption of this medicaiton. | Avoid high-fiber foods. High-fiber foods may affect absorption. Separate medication administration by at least 1 hour. | Avoid iron supplements. Iron may interfere with the absorption of this drug by forming an insoluble complex. Separate medication administration by at least 4 hours. | Avoid multivalent ions. Avoid iron and calcium containing products as well as antacids. | Take before a meal. Take 30-60 minutes before breakfast. | Take on an empty stomach.
DB01591,Solifenacin,0,0,0,1,0,Take with or without food.
DB01592,Iron,1,0,0,0,0,Take with or without food. Many different products contain iron; refer to the product monograph for more specific instruction. Taking iron with food may reduce gastric irritation.
DB01593,Zinc,1,0,0,0,0,"Avoid milk and dairy products. Separate the use of zinc from these products by at least 2 hours before administration. Separate for 2 hours after administration if these products also contain phosphorus. | Do not take with bran and high fiber foods. For optimal absorption, take zinc at least 2 hours before or after eating high-fiber foods. | Take on an empty stomach. Take at least 1 hour before and 2 hours after eating for optimal absorption. Zinc can be taken with food to reduce gastrointestinal upset."
DB01602,Bacampicillin,1,0,0,0,1,Take separate from antacids. Elevated gastric pH may reduce the bioavailability of bacampicillin. | Take with or without food. Food may reduce the bioavailability of bacampicillin.
DB01611,Hydroxychloroquine,1,0,0,0,0,Take with food. Take with a meal or glass of milk.
DB01626,Pargyline,1,0,1,0,0,"Avoid tyramine-containing foods and supplements. Foods that contain tyramine include yogurt, aged cheese, ripe bananas, wine, and sourdough bread."
DB02659,Cholic Acid,1,0,0,0,1,Take separate from antacids. Take at least 1 hour before or 4-6 hours after aluminum-containing antacids. | Take with food.
DB03604,Tiratricol,1,0,0,0,1,"Take at least 2 hours before or after calcium supplements. These drugs may interfere with the gastrointestinal absorption of tiratricol. | Take at least 2 hours before or after iron supplements. These drugs may interfere with the gastrointestinal absorption of tiratricol. | Take separate from antacids. These drugs may interfere with the gastrointestinal absorption of tiratricol. Take before or after tiratricol, more than 2 hours before or after if possible."
DB04017,Clorgiline,0,0,1,0,0,
DB04576,Fleroxacin,1,0,0,0,0,Avoid milk and dairy products. | Limit caffeine intake. | Take with a full glass of water. | Take with or without food.
DB04665,Coumarin,1,1,0,0,0,"Avoid herbs and supplements with anticoagulant/antiplatelet activity. Examples include garlic, ginger, bilberry, danshen, piracetam, and ginkgo biloba. | Ensure consistent Vitamin K intake."
DB04818,Iproniazid,0,0,1,0,0,
DB04820,Nialamide,0,0,1,0,0,
DB04861,Nebivolol,0,0,0,1,0,Avoid alcohol. | Take with or without food.
DB04898,Ximelagatran,1,1,0,0,0,"Avoid herbs and supplements with anticoagulant/antiplatelet activity. Examples include garlic, ginger, bilberry, danshen, piracetam, and ginkgo biloba."
DB04925,Desmoteplase,1,1,0,0,0,"Avoid herbs and supplements with anticoagulant/antiplatelet activity. Examples include garlic, ginger, bilberry, danshen, piracetam, and ginkgo biloba."
DB04932,Defibrotide,1,1,0,0,0,"Avoid herbs and supplements with anticoagulant/antiplatelet activity. Examples include garlic, ginger, bilberry, danshen, piracetam, and ginkgo biloba."
DB05084,Abaloparatide,1,0,0,0,0,"Administer vitamin supplements. If dietary intake is inadequate, patients should receive supplemental calcium and vitamin D. | Take at the same time every day. | Take with or without food."
DB05099,Ancrod,1,1,0,0,0,"Avoid herbs and supplements with anticoagulant/antiplatelet activity. Examples include garlic, ginger, bilberry, danshen, piracetam, and ginkgo biloba."
DB05229,Beraprost,1,1,0,0,0,"Avoid herbs and supplements with anticoagulant/antiplatelet activity. Examples include garlic, ginger, bilberry, danshen, piracetam, and ginkgo biloba."
DB05351,Dexlansoprazole,0,0,0,0,1,"Avoid St. John's Wort. It may induce the CYP3A4 metabolism of dexlansoprazole, possibly leading to reduced efficacy. | Take with or without food. Dexlansoprazole's dual delayed release formulation allows it to be taken without regard to food in contrast to other PPIs."
DB05488,Technetium Tc-99m ciprofloxacin,1,0,0,0,0,
DB06152,Nylidrin,0,0,0,1,0,Take with or without food. The absorption is unaffected by food.
DB06160,Garenoxacin,1,0,0,0,0,
DB06209,Prasugrel,1,1,0,0,0,"Avoid herbs and supplements with anticoagulant/antiplatelet activity. Examples include garlic, ginger, bilberry, danshen, piracetam, and ginkgo biloba. | Take with or without food."
DB06210,Eltrombopag,1,0,0,0,0,"Avoid multivalent ions. Polyvalent cations in food or supplements will be chelated by eltrombopag; therefore, they should be separated by 4 hours before or 2 hours after taking eltrombopag. | Take on an empty stomach. Separate the administration of eltrombopag from food by at least 1 hour before and 2 hours after eating."
DB06228,Rivaroxaban,1,1,0,0,0,"Avoid herbs and supplements with anticoagulant/antiplatelet activity. Examples include garlic, ginger, bilberry, danshen, piracetam, and ginkgo biloba. | Avoid St. John's Wort. Co-administration will decrease levels of this medication. | Take with food. Rivaroxaban 15-20mg dose should be taken with food as food significantly impacts the bioavailability at that dose. | Take with or without food. Rivaroxaban 10mg dose can be taken with or without food as it does not significantly impact the bioavailability at that dose."
DB06255,Incadronic acid,1,0,0,0,0,
DB06271,Sulodexide,1,1,0,0,0,"Avoid herbs and supplements with anticoagulant/antiplatelet activity. Examples include garlic, ginger, bilberry, danshen, piracetam, and ginkgo biloba."
DB06294,Semuloparin,1,1,0,0,0,"Avoid herbs and supplements with anticoagulant/antiplatelet activity. Examples include garlic, ginger, bilberry, danshen, piracetam, and ginkgo biloba."
DB06401,Bazedoxifene,1,0,0,0,0,"Administer calcium supplement. If calcium intake from food is inadequate administer calcium supplements to prevent hypocalcemia. | Administer vitamin supplements. If dietary intake of vitamin D is inadequate, then administer vitamin D supplements to avoid deficiency of vitamin D and calcium. | Take at the same time every day. | Take with or without food. Taking bazedoxifene with food may increase its AUC by 25% but does not impact the Cmax."
DB06406,Idraparinux,1,1,0,0,0,"Avoid herbs and supplements with anticoagulant/antiplatelet activity. Examples include garlic, ginger, bilberry, danshen, piracetam, and ginkgo biloba."
DB06410,Doxercalciferol,1,0,0,0,1,"Avoid antacids. Specifically, avoid magnesium-containing antacids as co-administration with doxercalciferol increases the risk of hypermagnesemia."
DB06414,Etravirine,0,0,0,0,1,"Avoid grapefruit products. Grapefruit inhibits the CYP3A metabolism of etravirine, which may increase its serum concentration. | Avoid St. John's Wort. This herb induces the CYP3A metabolism of etravirine and may reduce its serum concentration. | Take after a meal. Take after meals. This increases the bioavailability of etravirine."
DB06441,Cangrelor,1,1,0,0,0,"Avoid herbs and supplements with anticoagulant/antiplatelet activity. Examples include garlic, ginger, bilberry, danshen, piracetam, and ginkgo biloba."
DB06589,Pazopanib,1,0,0,0,1,"Avoid grapefruit products. Grapefruit inhibits CYP3A4 metabolism, which may increase the serum concentration of pazopanib. | Avoid St. John's Wort. This herb induces CYP3A4 metabolism, which may reduce the serum concentration of pazopanib. | Take on an empty stomach. Separate pazopanib from meals by at least 1 hour before and 2 hours after eating as food increases pazopanib bioavailability. | Take separate from antacids. Separate the administration of pazopanib and antacids by several hours."
DB06600,Nemonoxacin,1,0,0,0,0,
DB06605,Apixaban,1,1,0,0,0,"Avoid grapefruit products. | Avoid herbs and supplements with anticoagulant/antiplatelet activity. Examples include garlic, ginger, bilberry, danshen, piracetam, and ginkgo biloba. | Avoid St. John's Wort. St. John's Wort will decrease levels of this medication. | Take with or without food."
DB06635,Otamixaban,1,1,0,0,0,"Avoid herbs and supplements with anticoagulant/antiplatelet activity. Examples include garlic, ginger, bilberry, danshen, piracetam, and ginkgo biloba."
DB06643,Denosumab,1,0,0,0,0,Administer calcium supplement. Calcium supplements should be used as necessary to prevent hypocalcemia. | Administer vitamin supplements. Vitamin D should be administered as necessary to complement calcium in preventing hypocalcemia.
DB06654,Safinamide,1,0,1,0,0,"Avoid excessive or chronic alcohol consumption. Ingesting alcohol may increase the sedative effects of safinamide. | Avoid St. John's Wort. This herb may increase the risk of serotonin syndrome, and therefore, concomitant use is contraindicated. | Avoid tyramine-containing foods and supplements. Avoid foods containing high amounts of tyramine (>150mg) as these foods may cause a significant elevation in blood pressure. Tyramine-containing foods include cheese, red wine, fava beans, pickled food, cured food, and alcoholic beverages. | Take at the same time every day. | Take with or without food."
DB06679,Amediplase,1,1,0,0,0,"Avoid herbs and supplements with anticoagulant/antiplatelet activity. Examples include garlic, ginger, bilberry, danshen, piracetam, and ginkgo biloba."
DB06695,Dabigatran etexilate,1,1,0,0,0,"Avoid herbs and supplements with anticoagulant/antiplatelet activity. Examples include garlic, ginger, bilberry, danshen, piracetam, and ginkgo biloba. | Avoid St. John's Wort. This herb induces PGP which may reduce the serum levels of dabigatran. | Take with a full glass of water. | Take with or without food."
DB06724,Calcium carbonate,1,0,0,0,0,"Take with or without food. Food increases the absorption of calcium carbonate, which may be advantageous in its use as a calcium supplement."
DB06736,Aceclofenac,0,0,0,1,0,Take with or without food.
DB06754,Danaparoid,1,1,0,0,0,"Avoid excessive or chronic alcohol consumption. Ingesting alcohol increases the risk of bleeding. | Avoid herbs and supplements with anticoagulant/antiplatelet activity. These may increase the risk of bleeding. Examples include garlic, ginger, bilberry, danshen, piracetam, and ginkgo biloba."
DB06771,Besifloxacin,1,0,0,0,0,
DB06779,Dalteparin,1,1,0,0,0,"Avoid herbs and supplements with anticoagulant/antiplatelet activity. Examples include garlic, ginger, bilberry, danshen, piracetam, and ginkgo biloba."
DB06802,Nepafenac,0,0,0,1,0,
DB06822,Tinzaparin,1,1,0,0,0,"Avoid herbs and supplements with anticoagulant/antiplatelet activity. Examples include garlic, ginger, bilberry, danshen, piracetam, and ginkgo biloba."
DB06824,Triethylenetetramine,1,0,0,0,0,"Avoid concomitant mineral supplements. Administer CUVRIOR at least 1 hour before or 2 hours after administration of other mineral supplements. | Take at least 2 hours before or after iron supplements. Iron and triethylenetetramine inhibit each others absorption. | Take on an empty stomach. Take CUVRIOR one hour before or two hours after eating a meal or at least one hour of separation from other drugs, milk, or food."
DB07278,GW-813893,1,1,0,0,0,"Avoid herbs and supplements with anticoagulant/antiplatelet activity. Examples include garlic, ginger, bilberry, danshen, piracetam, and ginkgo biloba."
DB07767,Ferulic acid,1,1,0,0,0,"Avoid herbs and supplements with anticoagulant/antiplatelet activity. Examples include garlic, ginger, bilberry, danshen, piracetam, and ginkgo biloba."
DB07919,Harmine,0,0,1,0,0,
DB08496,(R)-warfarin,1,1,0,0,0,"Avoid drastic dietary changes. | Avoid herbs and supplements with anticoagulant/antiplatelet activity. Examples include garlic, ginger, bilberry, danshen, piracetam, and ginkgo biloba. | Ensure consistent Vitamin K intake. | Exercise caution with grapefruit products. Grapefruit inhibits CYP3A4 metabolism, which may increase the serum levels of R-warfarin. | Exercise caution with St. John's Wort. This herb induces CYP3A4 metabolism, which may reduce the serum levels of R-warfarin."
DB08550,"7,8-Dichloro-1,2,3,4-tetrahydroisoquinoline",0,0,1,0,0,
DB08794,Ethyl biscoumacetate,1,1,0,0,0,"Avoid herbs and supplements with anticoagulant/antiplatelet activity. Examples include garlic, ginger, bilberry, danshen, piracetam, and ginkgo biloba."
DB08807,Bopindolol,0,0,0,1,0,
DB08813,Nadroparin,1,1,0,0,0,"Avoid herbs and supplements with anticoagulant/antiplatelet activity. Examples include garlic, ginger, bilberry, danshen, piracetam, and ginkgo biloba."
DB08814,Triflusal,1,1,0,0,0,"Avoid herbs and supplements with anticoagulant/antiplatelet activity. Examples include garlic, ginger, bilberry, danshen, piracetam, and ginkgo biloba."
DB08816,Ticagrelor,1,1,0,0,0,"Avoid grapefruit products. Grapefruit inhibits the CYP3A4 metabolism of ticagrelor, which may increase its serum concentration. | Avoid herbs and supplements with anticoagulant/antiplatelet activity. Herbs with antiplatelet activity may increase the risk of bleeding. Examples include garlic, ginger, bilberry, danshen, piracetam, and ginkgo biloba. | Avoid St. John's Wort. This herb induces the CYP3A4 metabolism of ticagrelor and may reduce its serum concentration. | Take with or without food."
DB08822,Azilsartan medoxomil,0,0,0,1,0,Take with or without food. Food does not affect the bioavailability.
DB08918,Levomilnacipran,1,1,0,0,0,"Avoid alcohol. Ingesting alcohol may compromise the extended-release dosage form of levomilnacipran, causing an accelerated release of the drug and increasing its serum concentration. | Avoid herbs and supplements with anticoagulant/antiplatelet activity. Taking herbs with antiplatelet or anticoagulant activity may increase the risk of bleeding. | Exercise caution with grapefruit products. Grapefruit is a moderate to strong CYP3A4 inhibitor. Do not exceed a maximum levomilnacipran dose of 80mg daily when taking strong CYP3A4 inhibitors. | Exercise caution with St. John's Wort. Administering levomilnacipran with St. John's Wort may increase the risk of serotonin syndrome. | Take with or without food. Food does not affect drug absorption and exposure to a clinically significant extent."
DB08930,Dolutegravir,1,0,0,0,0,"Avoid multivalent ions. Cations should be separated from dolutegravir administration by 2 hours before and 6 hours after cation administration. Cations can be administered with dolutegravir if given with food. | Avoid St. John's Wort. | Take with or without food. Food, particularly high-fat meals, may increase the AUC, Cmax, and Tmax of dolutegravir."
DB08931,Riociguat,1,0,0,0,1,Avoid St. John's Wort. This herb induces the CYP3A4 metabolism of riociguat and may reduce its serum concentration. | Take separate from antacids. Take at least 1 hour before or after antacids. Aluminum or magnesium hydroxide antacids may reduce riociguat absorption. | Take with or without food.
DB08972,Flumequine,1,0,0,0,0,
DB08976,Floctafenine,1,1,0,0,0,"Avoid alcohol. Consuming alcohol increases the risk of gastrointestinal irritation. | Avoid herbs and supplements with anticoagulant/antiplatelet activity. Herbs with anticoagulant effects may increase the risk of gastrointestinal bleeding. Examples include garlic, ginger, bilberry, danshen, piracetam, and ginkgo biloba. | Take after a meal. Food reduces gastric irritation. | Take with a full glass of water."
DB08994,Ditazole,1,1,0,0,0,"Avoid herbs and supplements with anticoagulant/antiplatelet activity. Examples include garlic, ginger, bilberry, danshen, piracetam, and ginkgo biloba."
DB09020,Bisacodyl,1,0,0,0,1,Avoid milk and dairy products. Take at least 1 hour before or after antacids and milk. | Take separate from antacids. Take at least 1 hour before or after antacids and milk.
DB09026,Aliskiren,0,0,0,1,0,Do not take with or immediately after a high-fat meal. The absorption of aliskiren is substantially reduced by taking it with high-fat meals. | Take with or without food. Take consistently at the same time in regard to meals.
DB09027,Ledipasvir,1,0,0,0,1,Avoid St. John's Wort. This herb induces PGP and may reduce the serum concentration of ledipasvir. | Take separate from antacids. Take at least 4 hours before or after antacids. | Take with or without food.
DB09030,Vorapaxar,1,1,0,0,0,"Avoid herbs and supplements with anticoagulant/antiplatelet activity. Additive antiplatelet activity may increase the risk of bleeding. Examples include garlic, ginger, bilberry, danshen, piracetam, and ginkgo biloba. | Avoid St. John's Wort. This herb induces the CYP3A metabolism of vorapaxar and may reduce its serum concentration. | Exercise caution with grapefruit products. Coadministration of vorapaxar with moderate CYP3A4 inhibitors does not require intervention, but coadministration with strong inhibitors should be avoided. | Take with or without food."
DB09047,Finafloxacin,1,0,0,0,0,
DB09075,Edoxaban,1,1,0,0,0,"Avoid herbs and supplements with anticoagulant/antiplatelet activity. Additive anticoagulant activity may increase the risk of bleeding. Examples include garlic, ginger, bilberry, danshen, piracetam, and ginkgo biloba. | Take with or without food."
DB09093,Chlortetracycline,1,0,0,0,0,
DB09101,Elvitegravir,1,0,0,0,1,"Avoid St. John's Wort. This herb induces the CYP3A metabolism of elvitegravir. Therefore, it may reduce the serum concentration of elvitegravir and its effectiveness. | Take separate from antacids. Take at least 2 hours before or after antacids. | Take with food."
DB09118,Stiripentol,1,0,0,0,1,Avoid excessive or chronic alcohol consumption. Ingesting alcohol may increase the risk of sedation and somnolence that can be caused by stiripentol. | Avoid milk and dairy products. These products may interfere with the absorption of stiripentol. | Limit caffeine intake. Stiripentol may attenuate CYP1A2-mediated metabolism of caffeine. | Take with a full glass of water. Oral capsules should be swallowed whole with a glass of water during a meal and oral suspension should be mixed in a glass of water and should be taken immediately after mixing during a meal. | Take with food. Stiripentol degrades rapidly in an acidic environment.
DB09125,Potassium citrate,0,0,0,1,0,Take with food. Take potassium citrate within 30 minutes of eating to limit gastrointestinal irritation.
DB09129,Chromic chloride,1,0,0,0,0,Administer vitamin supplements. Niacin (from food or supplements) may increase the absorption of chromium. | Take with foods containing vitamin C. Vitamin C may increase the oral absorption of chromium/chromic chloride.
DB09185,Viloxazine,0,0,1,0,0,"Take with or without food. A high-fat meal decreases drug Cmax and AUC and delays Tmax, but not to a clinically significant extent."
DB09235,Efonidipine,0,0,0,1,0,
DB09241,Methylene blue,0,0,1,0,0,
DB09243,Hydracarbazine,0,0,1,0,0,
DB09244,Pirlindole,0,0,1,0,0,
DB09245,Toloxatone,0,0,1,0,0,
DB09246,Benmoxin,0,0,1,0,0,
DB09248,Mebanazine,0,0,1,0,0,
DB09249,Octamoxin,0,0,1,0,0,
DB09250,Pheniprazine,0,0,1,0,0,
DB09251,Phenoxypropazine,0,0,1,0,0,
DB09252,Pivhydrazine,0,0,1,0,0,
DB09253,Safrazine,0,0,1,0,0,
DB09254,Caroxazone,0,0,1,0,0,
DB09255,Dextran,1,1,0,0,0,"Avoid herbs and supplements with anticoagulant/antiplatelet activity. Dextran has antithrombotic activity, which may increase the bleeding risk if combined with antiplatelet/anticoagulant herbs. Examples include garlic, ginger, bilberry, danshen, piracetam, and ginkgo biloba."
DB09258,Bemiparin,1,1,0,0,0,"Avoid herbs and supplements with anticoagulant/antiplatelet activity. Examples include garlic, ginger, bilberry, danshen, piracetam, and ginkgo biloba."
DB09259,Reviparin,1,1,0,0,0,"Avoid herbs and supplements with anticoagulant/antiplatelet activity. Examples include garlic, ginger, bilberry, danshen, piracetam, and ginkgo biloba."
DB09260,Parnaparin,1,1,0,0,0,"Avoid herbs and supplements with anticoagulant/antiplatelet activity. Examples include garlic, ginger, bilberry, danshen, piracetam, and ginkgo biloba."
DB09261,Certoparin,1,1,0,0,0,"Avoid herbs and supplements with anticoagulant/antiplatelet activity. Examples include garlic, ginger, bilberry, danshen, piracetam, and ginkgo biloba."
DB09262,Imidafenacin,0,0,0,1,0,
DB09267,Strontium ranelate,1,0,0,0,0,Avoid calcium supplements/calcium rich foods. Take strontium ranelate separated from calcium-containing food and supplements. | Take on an empty stomach. Take strontium ranelate between meals and at least 2 hours after eating at bedtime for optimal bioavailability.
DB09275,Bismuth subcitrate potassium,0,0,0,1,0,"Avoid alcohol. Avoid ingesting alcohol during therapy with Pylera and for three days after discontinuation as it may cause flushing, nausea, and vomiting. | Take after a meal. The overall exposure to bismuth subcitrate potassium was not significantly impacted by administration with food when tested in the combination product Pylera."
DB09279,Fimasartan,0,0,0,1,0,
DB09287,Polyethylene glycol,1,0,0,0,0,"Avoid alcohol. Withdrawing from alcohol increases the risk of seizures, which is also caused by the drug. | Avoid milk and dairy products. | Avoid solid foods. Consume only clear liquids from the start of drug treatment until after the colonoscopy."
DB09321,Zinc oxide,1,0,0,0,0,"Avoid milk and dairy products. Separate the use of zinc from these products by at least 2 hours before administration. Separate for 2 hours after administration if these products also contain phosphorus. | Do not take with bran and high fiber foods. For optimal absorption, take zinc at least 2 hours before or after eating high-fiber foods. | Take on an empty stomach. Take at least 1 hour before and 2 hours after eating for optimal absorption. Zinc can be taken with food to reduce gastrointestinal upset."
DB09322,Zinc sulfate,1,0,0,0,0,"Avoid milk and dairy products. Separate the use of zinc from these products by at least 2 hours before administration. Separate for 2 hours after administration if these products also contain phosphorus. | Do not take with bran and high fiber foods. For optimal absorption, take zinc at least 2 hours before or after eating high-fiber foods. | Take on an empty stomach. Take at least 1 hour before and 2 hours after eating for optimal absorption. Zinc can be taken with food to reduce gastrointestinal upset."
DB09325,Sodium fluoride,1,0,0,0,1,Avoid milk and dairy products. Do no take this drug within 1 hour of consuming dairy products.
DB09397,Technetium Tc-99m sulfur colloid,1,0,0,0,0,"Take with food. For pediatric patients, orally administered Technetium Tc-99m sulfur colloid should be given with milk, or if administered by nasogastric tube, it should be given with milk or dextrose."
DB09407,Magnesium chloride,1,0,0,0,0,Take with or without food. Taking magnesium supplements with food may reduce the risk of diarrhea.
DB09413,Monopotassium phosphate,1,0,0,0,1,"Take separate from antacids. Magnesium, calcium, or aluminum antacids may reduce the absorption of phosphate in K-phos. | Take with a full glass of water. Dissolve K-Phos tablets in water then ingest. | Take with food. Take K-Phos tablets at bedtime and with meals."
DB09460,Sodium carbonate,0,0,0,0,1,
DB11095,Desirudin,1,1,0,0,0,"Avoid herbs and supplements with anticoagulant/antiplatelet activity. Examples include garlic, ginger, bilberry, danshen, piracetam, and ginkgo biloba."
DB11098,Potassium bicarbonate,0,0,0,1,0,"Avoid potassium-containing products. Excess potassium intake may cause hyperkalemia. Avoid salt substitutes like potassium chloride (KCl). | Take with a full glass of water. Dissolve the 10 mEq tablet in at least 2-3 oz of fluid, and the 20 mEq tablet in at least 3-4 oz of liquid (juice or water). | Take with food."
DB11110,Magnesium citrate,1,0,0,0,0,Take with or without food. Taking magnesium supplements with food may reduce the risk of diarrhea.
DB11136,Chromium,1,0,0,0,0,Administer vitamin supplements. Niacin (from food or supplements) may increase the absorption of chromium. | Take with foods containing vitamin C. Vitamin C may increase the absorption of chromium.
DB11154,Zinc citrate,1,0,0,0,0,"Avoid milk and dairy products. Separate the use of zinc from these products by at least 2 hours before administration. Separate for 2 hours after administration if these products also contain phosphorus. | Do not take with bran and high fiber foods. For optimal absorption, take zinc citrate at least 2 hours before or after eating high-fiber foods. | Take on an empty stomach. Take at least 1 hour before and 2 hours after eating for optimal absorption. Zinc can be taken with food to reduce gastrointestinal upset."
DB11166,Antithrombin Alfa,1,1,0,0,0,"Avoid herbs and supplements with anticoagulant/antiplatelet activity. Examples include garlic, ginger, bilberry, danshen, piracetam, and ginkgo biloba."
DB11189,Magnesium glycinate,1,0,0,0,0,Take with or without food. Taking magnesium supplements with food may reduce the risk of diarrhea.
DB11248,Zinc gluconate,1,0,0,0,0,"Avoid milk and dairy products. Separate the use of zinc from these products by at least 2 hours before administration. Separate for 2 hours after administration if these products also contain phosphorus. | Do not take with bran and high fiber foods. For optimal absorption, take zinc at least 2 hours before or after eating high-fiber foods. | Take on an empty stomach. Take at least 1 hour before and 2 hours after eating for optimal absorption. Zinc can be taken with food to reduce gastrointestinal upset."
DB11255,Chromium picolinate,1,0,0,0,0,Administer vitamin supplements. Foods or supplements containing niacin (Vitamin B3) may improve the absorption of chromium. | Take with foods containing vitamin C. Foods rich in vitamin C increase the absorption of chromium.
DB11312,Protein C,1,1,0,0,0,"Avoid herbs and supplements with anticoagulant/antiplatelet activity. Examples include garlic, ginger, bilberry, danshen, piracetam, and ginkgo biloba."
DB11404,Enrofloxacin,1,0,0,0,0,
DB11443,Orbifloxacin,1,0,0,0,0,
DB11453,Pradofloxacin,1,0,0,0,0,
DB11491,Sarafloxacin,1,0,0,0,0,
DB11511,Difloxacin,1,0,0,0,0,
DB11598,Antithrombin III human,1,1,0,0,0,"Avoid herbs and supplements with anticoagulant/antiplatelet activity. Examples include garlic, ginger, bilberry, danshen, piracetam, and ginkgo biloba."
DB11682,Daprodustat,1,0,0,0,0,"Take with or without food. Food does not affect drug absorption or exposure. Daprodustat can be taken without regard to concomitant administration of iron or phosphate binders, and it can be administered without regard to the timing or type of dialysis."
DB11703,Acalabrutinib,1,0,0,0,1,"Avoid grapefruit products. Grapefruit inhibits CYP3A metabolism, which may increase the serum concentration of acalabrutinib. Dose adjustment may be necessary if co-administered. | Exercise caution with St. John's Wort. The official product labeling recommends avoiding strong CYP3A4 inducers. This herb induces CYP3A metabolism and may reduce serum levels of acalabrutinib. | Take separate from antacids. Take at least 2 hours before or after antacids. | Take with a full glass of water. | Take with or without food."
DB11774,Pazufloxacin,1,0,0,0,0,
DB11799,Bictegravir,1,0,0,0,1,"Avoid St. John's Wort. | Take at the same time every day. | Take separate from antacids. Take bictegravir at least 2 hours before or 6 hours after taking antacids containing aluminum or magnesium. | Take with food. When taking iron or calcium-containing products, bictegravir should be taken with food. | Take with or without food."
DB11828,Neratinib,1,0,0,0,1,"Avoid grapefruit products. Grapefruit inhibits CYP3A metabolism, which may increase the serum concentration of neratinib. | Exercise caution with St. John's Wort. This herb induces CYP3A metabolism and may reduce serum levels of neratinib. | Take at the same time every day. | Take separate from antacids. Take antacids at least 3 hours before or after neratinib. | Take with food."
DB11837,Osilodrostat,0,0,0,1,0,"Take with or without food. Administration with food slightly alters absorption, but not to a clinically significant extent."
DB11842,Angiotensin II,0,0,0,1,0,
DB11855,Revefenacin,0,0,0,1,0,
DB11866,Romosozumab,1,0,0,0,0,Administer calcium supplement. Ensure adequate calcium supplementation. | Administer vitamin supplements. Ensure adequate vitamin D supplementation.
DB11892,Prulifloxacin,1,0,0,0,0,
DB11943,Delafloxacin,1,0,0,0,1,Avoid multivalent ions. Separate the administration of multivalent cations from delafloxacin by at least 6 hours before or 2 hours after delafloxacin. | Take separate from antacids. The administration of antacids should be separated from delafloxacin by at least 6 hours before or 2 hours after delafloxacin. | Take with or without food.
DB11963,Dacomitinib,1,0,0,0,1,"Avoid grapefruit products. Grapefruit inhibits CYP3A4 metabolism, which may increase the serum concentration of dacomitinib. | Exercise caution with St. John's Wort. This herb induces CYP3A4 metabolism, which may reduce serum levels of dacomitinib. | Take at the same time every day. | Take separate from antacids. Take dacomitinib at least 6 hours before or 10 hours after administering antacids. | Take with or without food."
DB11979,Elagolix,1,0,0,0,0,Administer calcium supplement. This will minimize the risk of bone mineral density loss. | Administer vitamin supplements. Administer Vitamin D supplements to minimize the risk of bone mineral density loss. | Take at the same time every day. | Take with or without food.
DB11984,Letaxaban,1,1,0,0,0,"Avoid herbs and supplements with anticoagulant/antiplatelet activity. Examples include garlic, ginger, bilberry, danshen, piracetam, and ginkgo biloba."
DB12005,Nirogacestat,1,0,0,0,1,Avoid grapefruit products. Nirogacestat is a CYP3A substrate and grapefruit is a known CYP3A inhibitors. | Take separate from antacids. take nirogacestat 2 hours before or 2 hours after taking the antacid. | Take with or without food.
DB12026,Voxilaprevir,1,0,0,0,1,"Avoid St. John's Wort. This herb induces CYP3A metabolism and may reduce serum levels of voxilaprevir. | Take separate from antacids. Take Vosevi (sofosbuvir, velpatasvir, and voxilaprevir) at least 4 hours before or after antacids. Antacids have been shown to reduce the serum levels of velpatasvir and may not impact voxilaprevir. | Take with food."
DB12035,Sarecycline,1,0,0,0,1,Take separate from antacids. | Take with fluids. This may reduce irritation of the esophagus. | Take with or without food.
DB12184,Gepirone,1,0,0,0,0,Take with food. Take gepirone 1 time each day with food at about the same time each day.
DB12289,Darexaban,1,1,0,0,0,"Avoid herbs and supplements with anticoagulant/antiplatelet activity. Examples include garlic, ginger, bilberry, danshen, piracetam, and ginkgo biloba."
DB12329,Eravacycline,1,0,0,0,0,Avoid St. John's Wort. This herb induces CYP3A metabolism and may reduce serum levels of eravacycline. Dose adjustment may be necessary for co-administration.
DB12364,Betrixaban,1,1,0,0,0,"Avoid herbs and supplements with anticoagulant/antiplatelet activity. These herbs may increase the risk of bleeding. Examples include garlic, ginger, bilberry, danshen, piracetam, and ginkgo biloba. | Take at the same time every day. | Take with food. Betrixaban should be taken with food. The Cmax and AUC of betrixaban are decreased by approximately 60% and 55% when administered together with a 900 calorie meal."
DB12455,Omadacycline,1,0,0,0,1,"Avoid multivalent ions. Wait at least 4 hours after the omadacycline administration to take multivalent cations (eg. zinc, calcium, magnesium, and iron). | Take on an empty stomach. Do not eat for 4 hours before and 2 hours after administering omadacycline. Drinking water after administration is acceptable. | Take separate from antacids. Wait at least 4 hours after omadacycline administration to take antacids."
DB12548,Sparsentan,0,0,0,1,0,"Take before a meal. Sparsentan AUC and Cmax increase following the administration of a high fat, high calorie meal. Advise patients to take the full daily dose with water prior to the morning or evening meal. Maintain the same dosing pattern in relationship to meals."
DB12598,Nafamostat,1,1,0,0,0,"Avoid herbs and supplements with anticoagulant/antiplatelet activity. Examples include garlic, ginger, bilberry, danshen, piracetam, and ginkgo biloba."
DB12612,Ozanimod,1,0,1,0,0,Avoid tyramine-containing foods and supplements. Avoid food containing high amounts of tyramine (>150mg) as these may increase the risk of hypertension when taken with ozanimod. | Take with or without food.
DB12668,Metenkefalin,0,0,0,1,0,
DB12726,Monteplase,1,1,0,0,0,"Avoid herbs and supplements with anticoagulant/antiplatelet activity. Examples include garlic, ginger, bilberry, danshen, piracetam, and ginkgo biloba."
DB12831,Gabexate,1,1,0,0,0,"Avoid herbs and supplements with anticoagulant/antiplatelet activity. Examples include garlic, ginger, bilberry, danshen, piracetam, and ginkgo biloba."
DB12978,Pexidartinib,1,0,0,0,1,"Avoid grapefruit products. Grapefruit inhibits CYP3A metabolism, which may increase the serum concentration of pexidartinib. | Avoid St. John's Wort. This herb induces the CYP3A metabolism of pexidartinib and may reduce its serum concentration. | Do not take with or immediately after a high-fat meal. Taking pexidartinib with a high-fat meal may increase incidence and severity of adverse reactions, including hepatotoxicity. | Take on an empty stomach. Take at least 1 hour before or 2 hours after eating a meal or snack. | Take separate from antacids. Take antacids at least 2 hours before or after pexidartinib."
DB13092,Meclocycline,1,0,0,0,0,
DB13136,Fluindione,1,1,0,0,0,"Avoid herbs and supplements with anticoagulant/antiplatelet activity. Herbs with anticoagulant activity may have additive effects with fluindione. Examples include garlic, ginger, bilberry, danshen, piracetam, and ginkgo biloba."
DB13149,Protein S human,1,1,0,0,0,"Avoid herbs and supplements with anticoagulant/antiplatelet activity. Examples include garlic, ginger, bilberry, danshen, piracetam, and ginkgo biloba."
DB13167,Alclofenac,0,0,0,1,0,
DB13257,Ferrous sulfate anhydrous,1,0,0,0,1,Avoid milk and dairy products. Take ferrous sulfate at least 2 hours before or after milk. | Limit caffeine intake. Food and beverages containing caffeine may reduce iron absorption. | Take at least 2 hours before or after calcium supplements. | Take separate from antacids. Take ferrous sulfate at least 2 hours before or after antacids. | Take with food. This may reduce gastric irritation. | Take with foods containing vitamin C. Foods rich in vitamin C increase the absorption of iron.
DB13261,Sitafloxacin,1,0,0,0,0,
DB13264,Penimepicycline,1,0,0,0,0,
DB13275,Clorindione,1,1,0,0,0,"Avoid herbs and supplements with anticoagulant/antiplatelet activity. These may increase anticoagulant/antiplatelet activity of clorindione. Examples include garlic, ginger, bilberry, danshen, piracetam, and ginkgo biloba."
DB13347,Diphenadione,1,1,0,0,0,"Avoid herbs and supplements with anticoagulant/antiplatelet activity. Examples include garlic, ginger, bilberry, danshen, piracetam, and ginkgo biloba."
DB13381,Sodium feredetate,1,0,0,0,1,Avoid milk and dairy products. | Avoid multivalent ions. | Limit caffeine intake. Food and beverages containing caffeine may reduce iron absorption. | Take separate from antacids. | Take with foods containing vitamin C. Foods rich in vitamin C increase the absorption of iron.
DB13451,Tioclomarol,1,1,0,0,0,"Avoid herbs and supplements with anticoagulant/antiplatelet activity. Examples include garlic, ginger, bilberry, danshen, piracetam, and ginkgo biloba."
DB13616,Melagatran,1,1,0,0,0,"Avoid herbs and supplements with anticoagulant/antiplatelet activity. Examples include garlic, ginger, bilberry, danshen, piracetam, and ginkgo biloba."
DB13627,Oxolinic acid,1,0,0,0,0,
DB13646,Saruplase,1,1,0,0,0,"Avoid herbs and supplements with anticoagulant/antiplatelet activity. Examples include garlic, ginger, bilberry, danshen, piracetam, and ginkgo biloba."
DB13772,Rufloxacin,1,0,0,0,0,
DB13823,Pipemidic acid,1,0,0,0,0,
DB13875,Harmaline,0,0,1,0,0,
DB13876,Brofaromine,0,0,1,0,0,
DB13949,Ferric cation,1,0,0,0,0,Avoid milk and dairy products. | Take with food. Take ferric cation with or just after meals.
DB13997,Baloxavir marboxil,1,0,0,0,1,"Avoid antacids. Baloxavir may form a chelate with polyvalent cations in antacids, which may decrease plasma concentrations of baloxavir. | Avoid milk and dairy products. Baloxavir may form a chelate with polyvalent cations such as calcium in dairy products, which may decrease plasma concentrations of baloxavir. | Avoid multivalent ions. Multivalent ions such as magnesium, calcium, and aluminum can form a chelate with baloxavir, which can reduce the absorption of baloxavir. | Take with or without food. Food reduces drug absorption, but not to a clinically significant extent."
DB14055,(S)-Warfarin,1,1,0,0,0,"Avoid drastic dietary changes. | Avoid herbs and supplements with anticoagulant/antiplatelet activity. Examples include garlic, ginger, bilberry, danshen, piracetam, and ginkgo biloba. | Ensure consistent Vitamin K intake."
DB14094,Tocopherylquinone,1,1,0,0,0,"Avoid herbs and supplements with anticoagulant/antiplatelet activity. Examples include garlic, ginger, bilberry, danshen, piracetam, and ginkgo biloba."
DB14116,Silodrate,1,0,0,0,0,"Take separate from meals. Take Inon Ace (dimethicone, magnesium hydroxide, silodrate) between meals,."
DB14484,Magnesium ascorbate,1,0,0,0,0,Take with or without food. Taking magnesium supplements with food may reduce the risk of diarrhea.
DB14485,Zinc ascorbate,1,0,0,0,0,"Avoid milk and dairy products. Separate the use of zinc from these products by at least 2 hours before administration. Separate for 2 hours after administration if these products also contain phosphorus. | Do not take with bran and high fiber foods. For optimal efficacy, take zinc at least 2 hours before or after eating high-fiber foods. | Take on an empty stomach. Take at least 1 hour before and 2 hours after eating for optimal absorption. Zinc can be taken with food to reduce gastrointestinal upset."
DB14487,Zinc acetate,1,0,0,0,0,"Avoid milk and dairy products. Separate the use of zinc from these products by at least 2 hours before administration. Separate for 2 hours after administration if these products also contain phosphorus. | Do not take with bran and high fiber foods. For optimal efficacy, take zinc at least 2 hours before or after eating high-fiber foods. | Take on an empty stomach. Take at least 1 hour before or after eating and drinking, excluding drinking plain water."
DB14488,Ferrous gluconate,1,0,0,0,1,Avoid milk and dairy products. Take ferrous gluconate at least 2 hours before or after milk. | Limit caffeine intake. Food and beverages containing caffeine may reduce iron absorption. | Take at least 2 hours before or after calcium supplements. | Take separate from antacids. Take ferrous gluconate at least 2 hours before or after antacids. | Take with food. This reduces gastric irritation. | Take with foods containing vitamin C. Foods rich in vitamin C increase the absorption of iron.
DB14490,Ferrous ascorbate,1,0,0,0,0,Take on an empty stomach. Taking ferrous ascorbate with food reduces the absorption of iron.
DB14491,Ferrous fumarate,1,0,0,0,1,Avoid milk and dairy products. Take ferrous fumarate at least 2 hours before or after milk. | Limit caffeine intake. Food and beverages containing caffeine may reduce iron absorption. | Take at least 2 hours before or after calcium supplements. | Take separate from antacids. Take ferrous fumarate at least 2 hours before or after antacids. | Take with food. This reduces gastric irritation. | Take with foods containing vitamin C. Foods rich in vitamin C increase the absorption of iron.
DB14507,Lithium citrate,1,0,0,0,0,Avoid alcohol. | Avoid iodine-containing foods and supplements. | Drink plenty of fluids. Drink at least 2500 to 3000 mL of fluids daily. | Limit caffeine intake. | Take with food. Lithium can cause hyponatremia. Include adequate salt in the diet.
DB14509,Lithium carbonate,1,0,0,0,0,Avoid alcohol. Alcohol increased peak serum concentrations of lithium. | Avoid iodine-containing foods and supplements. Iodine and lithium may synergistically produce hypothyroidism. | Limit caffeine intake. Caffeine may decrease lithium concentrations. | Take with food. Food reduces gastrointestinal upset.
DB14513,Magnesium,1,0,0,0,0,Take with or without food. Taking magnesium supplements with food may reduce the risk of diarrhea.
DB14529,Chromium nicotinate,1,0,0,0,0,Administer vitamin supplements. Foods or supplements containing niacin (Vitamin B3) may improve the absorption of chromium. | Take with foods containing vitamin C. Foods rich in vitamin C increase the absorption of chromium.
DB14548,"Zinc sulfate, unspecified form",1,0,0,0,0,"Avoid milk and dairy products. Separate the use of zinc from these products by at least 2 hours before administration. Separate for 2 hours after administration if these products also contain phosphorus. | Do not take with bran and high fiber foods. For optimal efficacy, take zinc at least 2 hours before or after eating high-fiber foods. | Take on an empty stomach. Take at least 1 hour before and 2 hours after eating for optimal absorption. Zinc can be taken with food to reduce gastrointestinal upset."
DB14713,Inotersen,1,0,0,0,0,Administer vitamin A supplementation. Supplementation at the recommended daily allowance of vitamin A is advised for patients taking inotersen.
DB14726,Dabigatran,1,1,0,0,0,"Avoid herbs and supplements with anticoagulant/antiplatelet activity. Examples include garlic, ginger, bilberry, danshen, piracetam, and ginkgo biloba."
DB15059,Aprocitentan,0,0,0,1,0,Take with or without food. Co-administration with food does not appear to alter the pharmacokinetics of aprocitentan to a clinically significant extent.
DB15569,Sotorasib,1,0,0,0,1,"Avoid antacids. If coadministration cannot be avoided, take sotorasib 4 hours before or 10 hours after antacids. | Take with or without food. Taking sotorasib with a high fat, high calorie meal increases total exposure to sotorasib by 25%."
DB15673,Lenacapavir,0,0,0,1,0,"Take with or without food. Oral lenacapavir should be taken orally with or without food, as food has negligible effects on drug absorption."
DB15685,Selpercatinib,0,0,0,0,1,Take with or without food. Patients on proton pump inhibitors should take selpercatinib with food.
DB15911,Amfenac,0,0,0,1,0,
DB16165,Finerenone,0,0,0,1,0,"Avoid grapefruit products. Grapefruit products may increase exposure to finerenone, increasing the risk and severity of adverse effects. | Take with or without food. Food does not have a clinically significant effect on area under the curve."
DB16199,Eplontersen,1,0,0,0,0,"Administer vitamin supplements. Inform patients that eplontersen treatment leads to a decrease in vitamin A levels, and supplementation of vitamin A at the recommended daily allowance is recommended."
DB16219,Levonadifloxacin,1,0,0,0,0,
DB16850,Tosufloxacin,1,0,0,0,0,
DB17709,Rilzabrutinib,1,0,0,0,1,"Avoid grapefruit products. Grapefruit products may inhibit CYP3A4, which is an enzyme responsible for metabolizing rilzabrutinib. | Take separate from antacids. Rilzabrutinib exhibits pH-dependent solubility. Acid reducing agents decrease rilzabrutinib exposure. Administer the drug at least 2 hours before administration of an antacid. | Take with or without food. Rilzabrutinib AUC and Cmax can be decreased by a high fat meal, but food does not significantly affect drug exposure."
DB19525,Milacemide,0,0,1,0,0,
DB19621,Mofegiline,0,0,1,0,0,
DB19797,Irloxacin,1,0,0,0,0,
DB19878,Lazabemide,0,0,1,0,0,
DB20002,Lascufloxacin,1,0,0,0,0,
DB20048,Amifloxacin,1,0,0,0,0,
DB20982,Amiflamine,0,0,1,0,0,
